timestamp,anglesHipRightX,anglesHipRightY,anglesHipRightZ,anglesHipRightAbs,anglesHipLeftX,anglesHipLeftY,anglesHipLeftZ,anglesHipLeftAbs,anglesKneeRightX,anglesKneeRightY,anglesKneeRightZ,anglesKneeRightAbs,anglesKneeLeftX,anglesKneeLeftY,anglesKneeLeftZ,anglesKneeLeftAbs,anglesAnkleRightX,anglesAnkleRightY,anglesAnkleRightZ,anglesAnkleRightAbs,anglesAnkleLeftX,anglesAnkleLeftY,anglesAnkleLeftZ,anglesAnkleLeftAbs,anglesSpineMidX,anglesSpineMidY,anglesSpineMidZ,anglesSpineMidAbs,anglesShoulderRightX,anglesShoulderRightY,anglesShoulderRightZ,anglesShoulderRightAbs,anglesElbowRightX,anglesElbowRightY,anglesElbowRightZ,anglesElbowRightAbs,anglesElbowLeftX,anglesElbowLeftY,anglesElbowLeftZ,anglesElbowLeftAbs,positionsHipRightX,positionsHipRightY,positionsHipRightZ,positionsHipLeftX,positionsHipLeftY,positionsHipLeftZ,positionsKneeRightX,positionsKneeRightY,positionsKneeRightZ,positionsKneeLeftX,positionsKneeLeftY,positionsKneeLeftZ,positionsAnkleRightX,positionsAnkleRightY,positionsAnkleRightZ,positionsAnkleLeftX,positionsAnkleLeftY,positionsAnkleLeftZ,positionsSpineMidX,positionsSpineMidY,positionsSpineMidZ,positionsShoulderRightX,positionsShoulderRightY,positionsShoulderRightZ,positionsElbowRightX,positionsElbowRightY,positionsElbowRightZ,positionsElbowLeftX,positionsElbowLeftY,positionsElbowLeftZ,Right,Left
201711292200510285,-7.336183,-91.15752,7.700173,10.31251,-8.202143,122.2374,-7.511539,11.0562,-5.244939,-155.1357,-28.11665,28.11651,-2.635221,98.65475,9.746914,10.05922,65.13987,-131.9316,13.6219,65.75842,170.177,124.9386,181.5742,166.321,2.510226,8.228542,0.09535582,2.50581,-9.697148,138.0519,-13.58865,16.61547,30.15099,111.4332,-12.9293,32.65368,27.36517,-100.4177,5.609355,27.59943,0.3816633,0.8496128,3.484093,0.2545079,0.8428441,3.484093,0.4290822,0.5417806,3.495109,0.2189393,0.5333585,3.499675,0.3854525,0.4348604,3.50899,0.235231,0.2061506,3.53108,0.3162768,1.115666,3.541068,0.4484272,1.267083,3.542499,0.4915006,1.036439,3.555727,0.1187838,1.055822,3.575619,0,0
201711292200510623,-7.128507,-89.13736,7.968955,10.31225,-7.965932,121.7671,-7.543623,10.89249,-5.361803,-157.8397,-29.07903,29.02073,-2.768823,97.32362,9.573805,9.924445,53.09952,-139.519,14.90526,55.81779,174.8507,126.5005,192.6132,171.1643,2.534765,8.502462,0.1080292,2.530283,-9.548799,138.5154,-13.67854,16.60194,29.99004,111.7504,-12.86022,32.47295,27.77615,-101.2416,5.967419,28.07389,0.3706301,0.8495476,3.485069,0.2435216,0.8428638,3.485069,0.4192846,0.5418228,3.495858,0.2077748,0.5333341,3.500261,0.3743011,0.4368386,3.509684,0.2234228,0.200739,3.532357,0.3052447,1.11565,3.541298,0.437716,1.26717,3.542618,0.4803929,1.03791,3.555921,0.107976,1.056775,3.574684,0,0
201711292200510773,-6.98125,-88.32097,7.998709,10.23345,-7.781526,121.8379,-7.49708,10.7244,-5.300758,-158.5205,-29.33826,29.26764,-2.833647,96.23304,9.381618,9.757484,56.56507,-136.9287,14.25463,58.61779,176.2538,128.7261,196.7338,172.869,2.504732,8.579041,0.1096243,2.500585,-9.474237,138.7344,-13.72005,16.58951,29.45349,110.6297,-12.77172,31.9435,28.09262,-101.865,6.201102,28.43396,0.3638422,0.8494579,3.485564,0.2367528,0.842885,3.485564,0.4125027,0.5416966,3.496219,0.2012976,0.5332791,3.500426,0.3672958,0.4366298,3.509854,0.2164622,0.1994928,3.532594,0.298444,1.115612,3.541303,0.4312475,1.267274,3.542796,0.4735388,1.037839,3.554983,0.1016066,1.057502,3.573679,0,0
201711292200511215,-6.820974,-87.04663,8.218135,10.22027,-7.482131,120.7165,-7.665745,10.61148,-5.089368,-161.1993,-30.17202,29.9899,-3.023516,95.8353,9.429034,9.849079,44.07564,-148.165,15.34906,48.7185,110.8934,114.7663,201.0392,172.8042,2.512467,8.844715,0.1234994,2.508236,-9.159177,138.7541,-13.7627,16.44933,29.09332,110.4967,-12.61343,31.55285,28.75417,-102.6931,6.620698,29.16958,0.3502263,0.849251,3.486759,0.2231379,0.8429003,3.486759,0.399693,0.5416206,3.497792,0.1866219,0.5333352,3.501193,0.3534638,0.4393497,3.510766,0.2014849,0.193843,3.534359,0.2848635,1.115463,3.541444,0.4181893,1.267425,3.542943,0.4600522,1.038522,3.554891,0.08837265,1.057665,3.572138,0,0
201711292200511510,-6.725185,-86.84884,8.27136,10.18965,-7.254135,119.9119,-7.739986,10.49842,-4.901322,-161.6401,-30.39288,30.17777,-3.165056,95.89731,9.457456,9.915524,34.63361,-155.2782,16.72905,41.59649,119.992,120.344,206.6752,174.5606,2.470576,8.871507,0.1210551,2.466539,-9.020512,138.6111,-13.75941,16.36659,28.59684,109.5535,-12.29101,30.97464,29.36148,-103.646,6.956191,29.83963,0.3430901,0.8490781,3.487235,0.2159932,0.8429086,3.487235,0.3925613,0.5414746,3.498525,0.1789706,0.5333225,3.501187,0.3462372,0.4393589,3.511158,0.1937616,0.1927077,3.534705,0.2777848,1.115378,3.541339,0.4114639,1.267483,3.542855,0.4529435,1.038567,3.554224,0.08175203,1.057855,3.570825,0,0
201711292200511896,-6.610006,-86.3482,8.399728,10.17881,-7.008189,119.0516,-7.750619,10.32052,-4.806556,-162.6302,-30.78217,30.52045,-3.346061,95.22057,9.37534,9.887446,39.32983,-152.6567,15.46163,45.05552,128.4182,125.593,214.8794,177.5267,2.442819,8.996263,0.1157304,2.438746,-8.795749,138.2579,-13.7634,16.24422,28.20408,109.3649,-12.16218,30.56494,29.72427,-104.6024,7.446393,30.31336,0.335012,0.8488471,3.487826,0.207895,0.8429174,3.487826,0.3847689,0.5413046,3.499376,0.1706784,0.5332765,3.501302,0.3381984,0.4403144,3.511769,0.1851218,0.189967,3.535497,0.2698149,1.115297,3.541233,0.4039342,1.267513,3.542385,0.4450606,1.038558,3.553439,0.074266,1.0583,3.568975,0,0
201711292200512367,-6.497709,-86.19728,8.488222,10.14235,-6.766699,118.7323,-7.569267,10.01341,-4.636689,-163.5544,-31.11432,30.7997,-3.510293,92.88353,9.013799,9.592274,28.09309,-163.1244,16.69614,36.43194,136.7063,132.1287,223.5131,180.5874,2.402263,8.987075,0.1076642,2.398223,-8.427497,137.0208,-13.75278,16.03551,27.75218,109.3126,-12.18023,30.15988,29.83523,-105.0035,7.95609,30.55322,0.3273519,0.8485931,3.488246,0.2001996,0.8429279,3.488246,0.3770093,0.5410689,3.500136,0.16382,0.5331515,3.501341,0.3303393,0.4413365,3.512138,0.1773156,0.1872558,3.536175,0.2623502,1.115181,3.540907,0.3968538,1.267564,3.541774,0.4376311,1.038366,3.552337,0.06716876,1.05871,3.566489,0,0
201711292200512538,-6.45492,-87.18061,8.352287,10.06955,-6.664471,119.2885,-7.221121,9.712946,-4.672419,-161.5927,-30.73305,30.48909,-3.299226,96.64121,9.095408,9.618154,36.86568,-154.7568,15.93366,43.64593,113.6868,70.07845,176.9758,153.3859,2.316728,8.81917,0.08227468,2.313307,-8.155925,135.3884,-13.66722,15.82429,27.59684,109.0655,-12.41508,30.10109,29.49942,-104.5174,8.14524,30.29606,0.3276546,0.8484674,3.487754,0.2004951,0.8429131,3.487754,0.3764036,0.540814,3.499552,0.1659607,0.5329146,3.500473,0.3304926,0.439145,3.51183,0.180163,0.211164,3.531868,0.2627866,1.115153,3.540392,0.3972484,1.267618,3.541217,0.4378977,1.037682,3.551077,0.06782486,1.058586,3.564608,0,0
201711292200512808,-6.408351,-87.87806,8.243767,9.98537,-6.543618,119.7908,-6.950739,9.446129,-4.855391,-153.6767,-27.9367,27.8836,-3.417082,93.56717,8.609181,9.209122,-2.729855,-135.008,-11.23073,55.40807,122.2532,83.93706,182.5197,156.2381,2.247241,8.798657,0.06141744,2.244274,-7.85953,134.0958,-13.61191,15.62448,27.61453,108.9992,-12.77515,30.24726,29.24365,-104.1372,8.366554,30.1187,0.3244351,0.8483076,3.487573,0.1972507,0.842915,3.487573,0.3723476,0.540557,3.499509,0.1641226,0.5327559,3.500045,0.3303257,0.4144289,3.515625,0.177205,0.2098385,3.531921,0.2596617,1.115102,3.539949,0.3941959,1.267688,3.540694,0.4346881,1.0369,3.549815,0.06499669,1.058483,3.56251,0,0
201711292200513175,-6.418035,-88.83949,8.105521,9.912232,-6.355348,120.1953,-6.615069,9.085938,-4.951096,-146.0063,-25.39433,25.48789,-3.425444,94.78812,8.439705,9.047729,25.88565,-132.0149,-45.01319,75.2247,113.5332,91.73058,151.0353,142.683,2.181729,8.878872,0.04138823,2.179206,-7.516077,132.8981,-13.57064,15.41405,27.74703,109.3381,-13.09452,30.4798,28.95936,-103.7121,8.631438,29.92627,0.3188016,0.848051,3.487504,0.1915621,0.8428981,3.487504,0.365708,0.540239,3.49997,0.1602653,0.5325007,3.499413,0.3272581,0.392372,3.519518,0.1731992,0.2283788,3.52912,0.2540435,1.11505,3.539557,0.3886913,1.267779,3.540246,0.4289948,1.036227,3.548995,0.05962589,1.058371,3.560277,0,0
201711292200513442,-6.435121,-90.15373,7.827061,9.757875,-6.243934,120.8023,-6.326988,8.816463,-5.137503,-138.1348,-22.8959,23.18688,-3.368943,95.88526,8.313581,8.908867,51.90268,-131.1064,-74.77461,93.35021,105.8095,99.1162,122.0523,130.3878,2.114804,8.913807,0.01901228,2.112893,-7.21615,131.6685,-13.51364,15.21493,27.56536,107.2284,-12.20372,30.00379,28.73734,-103.1964,8.808421,29.77074,0.3162384,0.8478561,3.487069,0.1889702,0.8428636,3.487069,0.361417,0.5398661,3.499907,0.1592268,0.5322866,3.498658,0.3264334,0.372964,3.522825,0.172093,0.2451667,3.526273,0.2515168,1.115025,3.538966,0.3861775,1.267876,3.539422,0.4262365,1.035553,3.547734,0.05723508,1.058056,3.558233,0,0
201711292200513939,-6.366535,-91.03029,7.517435,9.512878,-6.159456,121.7558,-6.027337,8.560765,-5.515736,-130.3311,-20.32923,20.9067,-3.301409,96.0125,8.159244,8.73901,77.15762,-132.9363,-107.139,112.4298,97.72164,105.9016,93.20891,118.0403,2.043892,8.993479,-0.01063467,2.042949,-6.977779,130.6052,-13.49118,15.07005,27.08224,104.9473,-11.38068,29.26443,28.5563,-102.9696,9.038362,29.6632,0.3187113,0.8475775,3.485898,0.1914643,0.8428099,3.485898,0.3617924,0.5393088,3.498752,0.1632819,0.532094,3.497458,0.3303017,0.3526519,3.525695,0.1759343,0.2619966,3.52313,0.2541828,1.114995,3.537548,0.3887753,1.268048,3.53739,0.4285623,1.036177,3.545056,0.06004944,1.058277,3.555331,0,0
201711292200514190,-6.384366,-92.28608,7.180136,9.33178,-6.228455,122.9417,-5.835397,8.494419,-5.787505,-123.8538,-18.28266,19.09793,-3.16683,96.31003,8.120681,8.663296,80.00758,-136.7346,-93.46971,109.4839,92.15979,112.7207,69.86922,108.5025,1.984935,8.930151,-0.03409977,1.984862,-6.972964,130.0807,-13.46847,15.04815,26.58523,102.7217,-10.82065,28.60102,28.3574,-102.8483,9.091007,29.49497,0.326372,0.8474236,3.484375,0.1991447,0.8427188,3.484375,0.3675876,0.538909,3.497163,0.1719657,0.5319566,3.49621,0.3387962,0.3388452,3.526807,0.1847332,0.2748972,3.520275,0.2619454,1.115013,3.536243,0.396363,1.268112,3.535622,0.4361879,1.035896,3.542483,0.06799001,1.058634,3.55363,0,0
201711292200514536,-6.360073,-92.81924,7.005891,9.220529,-6.277549,124.5791,-5.521258,8.34183,-6.152086,-118.3168,-16.46005,17.52304,-3.099097,94.30276,7.791083,8.329013,102.2755,-133.8318,-118.5033,124.8525,86.30332,120.216,47.07173,98.9631,1.927554,8.886863,-0.06180555,1.928603,-6.730866,128.5273,-13.47448,14.93562,26.11917,100.8105,-10.28999,27.97699,27.8503,-101.9882,9.27724,29.07404,0.3306271,0.8472022,3.482877,0.2034112,0.8426506,3.482877,0.3707589,0.5385105,3.495429,0.1779037,0.5317913,3.494945,0.3443114,0.3243955,3.528131,0.1900285,0.287869,3.517634,0.2663276,1.115011,3.534911,0.400619,1.268135,3.533833,0.4404089,1.035558,3.540001,0.07237744,1.059,3.550921,0,0
201711292200514821,-6.38969,-93.37425,6.79991,9.13133,-6.442535,126.5581,-5.341066,8.363194,-6.460805,-113.9132,-15.08713,16.36305,-2.929369,92.53471,7.586802,8.085057,120.0254,-132.1254,-136.7714,136.7547,82.26746,126.5327,29.61373,91.8749,1.882875,8.781488,-0.07881557,1.884568,-6.674371,127.7927,-13.47544,14.91111,25.83417,99.7173,-9.956626,27.59005,27.46721,-101.4287,9.313194,28.72768,0.3386076,0.8470879,3.481033,0.211463,0.842557,3.481034,0.3777453,0.5382453,3.493391,0.1869828,0.5317121,3.493717,0.3529267,0.3147687,3.528352,0.1986988,0.2974134,3.515232,0.2743503,1.115026,3.533435,0.4084781,1.268178,3.531894,0.4482683,1.035242,3.537752,0.08034157,1.05915,3.5489,0,0
201711292200515110,-6.426779,-93.86882,6.649315,9.082297,-6.630342,129.7219,-5.022157,8.334559,-6.880097,-109.6466,-13.89489,15.42439,-2.715131,87.49809,7.020975,7.48278,135.8081,-130.5481,-153.0242,147.2467,78.49862,134.1326,13.98508,85.34818,1.839468,8.674841,-0.09633549,1.84188,-6.622694,127.0605,-13.47178,14.88424,25.68611,99.12401,-9.612747,27.32807,27.13515,-100.9171,9.342283,28.42663,0.3439811,0.8469148,3.479448,0.2169134,0.8424671,3.479448,0.3823974,0.537965,3.491672,0.1942437,0.5316197,3.492892,0.3589538,0.3060345,3.529301,0.2046584,0.3061747,3.513229,0.2797661,1.11501,3.532203,0.4137552,1.268207,3.530236,0.4534678,1.035741,3.536191,0.08569518,1.059362,3.547065,0,0
201711292200515501,-6.463848,-94.66693,6.437067,8.992504,-6.690387,131.8969,-4.825491,8.261309,-7.080295,-104.7175,-12.56383,14.25931,-2.652789,84.48985,6.680839,7.142234,151.0744,-128.681,-169.0695,157.569,74.7374,140.6899,-1.477486,78.8867,1.826476,9.425133,-0.1276976,1.830591,-6.486831,127.6032,-13.48514,14.83157,25.54753,98.54388,-9.183707,27.04808,26.81945,-100.5431,9.377779,28.14244,0.3459507,0.8467237,3.478014,0.2189141,0.8423663,3.478015,0.383341,0.5376906,3.490524,0.1974235,0.5315003,3.491904,0.361633,0.297045,3.530221,0.2070173,0.3149581,3.511455,0.2816554,1.11495,3.53076,0.4154902,1.26831,3.528785,0.4550929,1.035888,3.534936,0.08745529,1.059717,3.54515,0,0
201711292200515862,-6.439929,-94.64233,6.284297,8.897099,-6.721232,133.2276,-4.817064,8.275777,-7.379782,-101.2863,-11.64762,13.52456,-2.666279,83.69275,6.66034,7.128094,164.1067,-126.6167,-181.7059,166.0311,71.84499,145.614,-14.52967,73.65147,1.8155,10.41775,-0.1575485,1.821393,-6.461266,129.1757,-13.52437,14.8541,25.61497,98.01398,-8.578851,26.91444,26.71428,-100.6629,9.408486,28.05635,0.3488328,0.8465555,3.47645,0.2218867,0.8422083,3.47645,0.3857054,0.5374617,3.488955,0.2005957,0.5313725,3.490669,0.3648832,0.2903161,3.53065,0.2100661,0.3220525,3.50983,0.2843846,1.114898,3.529116,0.417955,1.268373,3.527021,0.457528,1.035962,3.53377,0.08997129,1.060013,3.543604,0,0
201711292200516223,-6.390868,-94.26016,6.269575,8.881584,-6.841149,134.8469,-4.813079,8.363801,-8.14514,-105.1837,-14.33925,16.21092,-2.586246,82.83187,6.699786,7.142348,143.7839,-133.1936,-151.0414,146.7641,69.15199,149.9271,-27.1389,68.73304,1.797705,11.19105,-0.1897465,1.805761,-6.440686,130.301,-13.50224,14.82644,25.6358,97.53682,-8.095769,26.77277,26.67677,-99.3418,8.756552,27.85177,0.3578918,0.8463523,3.474228,0.231019,0.8420436,3.474228,0.3949736,0.5372675,3.486462,0.2098239,0.5313089,3.489167,0.3701915,0.3107343,3.526307,0.2193686,0.3286511,3.507885,0.293409,1.114861,3.526932,0.4267251,1.268406,3.524495,0.4663242,1.035901,3.531706,0.09896564,1.060362,3.541655,0,0
201711292200516634,-6.340394,-93.67064,6.296894,8.894446,-7.02914,136.7697,-4.837728,8.52436,-9.069096,-109.3104,-17.29222,19.17972,-2.434662,81.53421,6.730259,7.129434,124.3835,-139.8036,-120.192,128.8673,67.28781,153.8536,-37.39012,65.05598,1.774109,11.76955,-0.2169259,1.784148,-6.473767,131.3601,-13.48501,14.83031,25.79746,97.89305,-7.692015,26.79185,26.63469,-98.11562,8.11737,27.64558,0.3708788,0.8461361,3.471646,0.2440547,0.8418741,3.471646,0.4084661,0.5370919,3.483499,0.2228146,0.5312991,3.487578,0.3791115,0.3306347,3.521862,0.2323614,0.3336664,3.505919,0.3063648,1.114778,3.524462,0.4393659,1.268432,3.521024,0.47908,1.035732,3.529301,0.1118177,1.060613,3.539861,0,0
201711292200516880,-6.285876,-92.92838,6.394789,8.947736,-7.16895,137.9228,-4.927159,8.686357,-9.600756,-114.0076,-19.90746,21.73747,-2.349892,81.13653,6.85217,7.221846,104.9284,-146.9237,-92.6568,111.0369,67.15645,155.9238,-41.19251,64.05378,1.765399,12.27637,-0.2333782,1.776869,-6.592517,132.7,-13.48466,14.8914,25.74725,98.73609,-7.785896,26.76894,26.68889,-97.41098,7.587575,27.55725,0.38096,0.846006,3.469859,0.2541528,0.8417503,3.469859,0.4194687,0.5370538,3.481316,0.2324986,0.5313151,3.486484,0.3863999,0.3490667,3.517558,0.2422869,0.3349679,3.504877,0.3163806,1.114724,3.522744,0.4492014,1.268502,3.518717,0.4891373,1.035271,3.527639,0.121737,1.060732,3.539093,0,0
201711292200517264,-6.336519,-92.62513,6.400453,9.009885,-7.2857,139.7045,-5.070457,8.863372,-9.716355,-117.2534,-22.07405,23.78384,-2.245228,80.89338,7.013773,7.348334,87.66435,-154.1777,-68.649,95.11848,66.12362,158.2111,-47.33394,61.72004,1.745586,13.23357,-0.2544554,1.758732,-6.63502,134.8753,-13.53369,14.95782,25.60494,99.3111,-7.739841,26.61331,26.62339,-96.70415,7.170717,27.38195,0.3829955,0.845831,3.468201,0.2562132,0.8415245,3.468201,0.4220635,0.5370409,3.480077,0.2340604,0.5312607,3.485609,0.3859339,0.3648964,3.514048,0.2441135,0.3381331,3.503847,0.3180866,1.114612,3.521004,0.4507621,1.268627,3.517109,0.4908896,1.034751,3.526666,0.123384,1.061022,3.537739,0,0
201711292200517480,-6.390053,-92.35927,6.412506,9.064738,-7.416975,140.5111,-5.318199,9.117172,-9.757787,-120.484,-23.90085,25.4849,-2.177939,81.91277,7.379859,7.682491,87.24659,-147.0067,-51.78648,92.65051,66.96312,158.1381,-47.09876,62.39569,1.739677,13.7588,-0.2604485,1.753556,-6.528333,135.6794,-13.59551,14.97567,25.8741,99.26871,-7.448054,26.78506,26.57423,-96.81364,7.410006,27.40579,0.3889485,0.8457345,3.466597,0.2621619,0.8413526,3.466597,0.4285372,0.5370787,3.47877,0.2388719,0.5312974,3.484703,0.3899151,0.3780734,3.510695,0.249677,0.3373047,3.503283,0.3238082,1.114572,3.519392,0.4563828,1.268605,3.515127,0.4967554,1.034359,3.525324,0.1285605,1.059851,3.536293,0,0
201711292200517826,-6.599684,-95.98592,5.685168,8.839034,-7.554924,142.6002,-5.372973,9.257472,-9.487085,-111.3095,-21.28988,23.0546,-2.147551,80.08469,7.353121,7.647064,104.477,-147.427,-73.38429,107.1193,66.5317,160.9021,-51.42017,61.0583,1.716032,14.31749,-0.2726015,1.730885,-6.40834,136.5316,-13.65173,14.97887,25.87951,99.58194,-7.304835,26.73919,26.48635,-95.31409,6.959011,27.20258,0.3938995,0.8455884,3.464581,0.2670904,0.8411506,3.464581,0.4297932,0.5367197,3.477987,0.243798,0.5312296,3.483473,0.3945736,0.3651738,3.512109,0.2544707,0.3393345,3.502307,0.3284708,1.114498,3.517375,0.4608289,1.268691,3.512732,0.5014529,1.033823,3.523584,0.1327925,1.059253,3.534343,0,0
201711292200518207,-6.675519,-97.12418,5.244751,8.631804,-7.722193,147.0943,-5.175984,9.284489,-9.450505,-105.7367,-19.38982,21.35155,-1.97618,73.3745,6.734373,7.007032,120.6083,-145.6305,-92.61467,120.1492,66.28992,165.9958,-54.3065,60.05551,1.699102,15.12819,-0.2824256,1.714747,-6.246944,137.816,-13.68303,14.94411,25.86122,99.64778,-7.167718,26.67404,26.35056,-93.94633,6.549679,26.96517,0.3969293,0.8454495,3.462783,0.2700896,0.8409551,3.462783,0.4308296,0.5364333,3.476801,0.2482711,0.5311427,3.482782,0.397567,0.3535757,3.513484,0.2574843,0.3410027,3.50156,0.3311675,1.114405,3.515422,0.4632795,1.268782,3.510564,0.5042272,1.033267,3.521909,0.1351347,1.058585,3.532475,0,0
201711292200518532,-6.815909,-98.50274,4.978469,8.574047,-7.750082,148.0943,-5.226892,9.334341,-9.228207,-101.2195,-17.82136,19.85191,-2.237802,72.40855,6.806762,7.16672,134.0818,-143.9797,-109.6833,131.3088,66.9252,167.7058,-55.18393,60.33791,1.68251,15.57808,-0.2863625,1.698581,-6.261944,139.0441,-13.67828,14.95161,26.08495,100.4196,-7.373165,26.94481,26.52958,-94.67268,6.718295,27.18341,0.4013398,0.8453255,3.460735,0.2744317,0.8407692,3.460735,0.434093,0.5363166,3.475665,0.2524937,0.5309998,3.480968,0.4023992,0.343364,3.514205,0.2619633,0.3411908,3.500961,0.3353812,1.114335,3.513253,0.4673174,1.268843,3.508328,0.5086188,1.032793,3.520128,0.1390828,1.057986,3.530964,0,0
201711292200518854,-7.020216,-100.2465,4.821938,8.632078,-7.815532,148.0596,-5.353483,9.460117,-8.848313,-96.91012,-16.35658,18.37972,-2.506564,73.06187,7.145606,7.572711,145.6396,-140.4486,-123.6002,140.4611,67.95061,167.7537,-54.41798,61.3042,1.676039,15.72303,-0.2905391,1.692732,-6.166657,138.8722,-13.7009,14.93897,26.50553,100.3509,-7.130451,27.27816,26.59198,-94.12627,6.65494,27.22376,0.4023041,0.8451425,3.459064,0.275297,0.8405961,3.459064,0.4343788,0.5362271,3.475068,0.2526649,0.5309203,3.479548,0.404687,0.334577,3.514703,0.2630798,0.3404051,3.50089,0.3362373,1.114277,3.511628,0.4680241,1.269015,3.506722,0.5096406,1.032363,3.519036,0.1395827,1.057574,3.529135,0,0
201711292200519226,-7.172856,-101.9629,4.601297,8.615719,-7.870623,148.708,-5.4306,9.548001,-8.434566,-92.45409,-14.8752,16.88165,-2.691667,72.80154,7.335031,7.810715,155.9424,-138.1642,-136.2757,148.9007,68.87218,168.2368,-53.76334,62.15178,1.673119,16.18828,-0.2943191,1.690347,-6.046449,139.2918,-13.70712,14.90159,26.76635,99.84763,-6.898591,27.46259,26.61601,-93.57587,6.543371,27.21551,0.404855,0.8449584,3.457163,0.2777396,0.8403749,3.457163,0.4359128,0.5360843,3.474147,0.2547283,0.5307961,3.478044,0.4083915,0.3266746,3.514461,0.2656994,0.3396208,3.500487,0.33867,1.114161,3.509588,0.4703604,1.269159,3.504798,0.5122066,1.03187,3.517187,0.1417122,1.057137,3.527214,0,0
201711292200519546,-7.327154,-104.3702,4.206635,8.520242,-7.912565,149.6522,-5.514359,9.629842,-8.147406,-86.7569,-13.30007,15.37471,-2.854092,72.44348,7.497263,8.01583,164.6535,-139.37,-148.3946,156.7525,69.87064,168.5184,-52.34463,63.14847,1.668324,16.71839,-0.2924935,1.6855,-5.981313,140.2887,-13.73403,14.90515,26.8645,99.32848,-6.772862,27.52023,26.64999,-93.30301,6.465588,27.22474,0.4020596,0.844682,3.455825,0.2748797,0.8401195,3.455825,0.4311904,0.5357679,3.473878,0.2515376,0.5306412,3.477105,0.4058853,0.3196575,3.515301,0.262993,0.3385267,3.500581,0.335657,1.113981,3.508051,0.4673712,1.269271,3.503386,0.5094272,1.031489,3.515673,0.1385722,1.056737,3.525572,0,0
201711292200519834,-7.505368,-106.9607,3.975977,8.535029,-7.89656,149.3901,-5.593338,9.663409,-7.69239,-82.07734,-12.04161,14.06649,-3.006553,73.21896,7.734614,8.287018,170.4287,-139.7966,-156.9693,162.1648,71.21088,167.5071,-48.83916,64.89626,1.680087,16.99752,-0.2825212,1.696478,-5.869374,140.3428,-13.73452,14.86735,27.04839,99.33263,-6.73207,27.68737,26.63585,-94.00592,6.910672,27.34305,0.3940277,0.8444529,3.455344,0.266806,0.8399027,3.455344,0.4219119,0.5356048,3.474604,0.242952,0.5304873,3.476708,0.3987254,0.3146417,3.516238,0.2550714,0.3363258,3.501049,0.3275807,1.113798,3.507353,0.4593594,1.269388,3.502893,0.5015894,1.031276,3.515353,0.1304895,1.056769,3.52461,0,0
201711292200520194,-7.686103,-109.7519,3.715029,8.536901,-7.802276,148.8048,-5.698041,9.65387,-7.266014,-76.38769,-10.6585,12.66389,-3.325631,74.6757,8.096225,8.737802,176.7683,-140.0282,-165.4816,167.8006,72.38692,166.8365,-47.03178,66.23587,1.688997,17.49482,-0.2682927,1.704158,-5.794864,141.1269,-13.66868,14.78282,27.00042,99.01125,-6.591057,27.6026,26.66559,-93.98333,6.820388,27.34547,0.3849617,0.844203,3.454581,0.2576875,0.8396823,3.454581,0.4114654,0.5354391,3.475221,0.2331709,0.5302892,3.475746,0.3907653,0.3095767,3.517273,0.2463393,0.3347784,3.501356,0.3184374,1.113589,3.506233,0.4501708,1.269638,3.501345,0.4926131,1.031257,3.513971,0.1214811,1.05675,3.523494,0,0
201711292200520626,-7.850943,-112.8022,3.381373,8.500166,-7.627712,147.9486,-5.823844,9.599278,-6.949253,-70.82764,-9.442542,11.46556,-3.746976,76.61452,8.493607,9.266075,181.8037,-143.0038,-173.798,172.8656,73.71387,165.9619,-44.59061,67.81474,1.700521,18.2668,-0.248915,1.714088,-5.825913,143.0394,-13.567,14.70844,27.05353,99.18623,-6.463875,27.61912,26.68581,-95.25095,7.013137,27.41977,0.3719828,0.8439735,3.454218,0.2446738,0.8395063,3.454218,0.3967455,0.535273,3.476281,0.2194245,0.5300885,3.474867,0.3778051,0.3054144,3.519115,0.2337333,0.3329671,3.501952,0.3053118,1.113411,3.505395,0.4370072,1.269842,3.499865,0.479674,1.031482,3.513096,0.1087164,1.056702,3.522761,0,0
201711292200520916,-8.015124,-116.0475,3.238417,8.559236,-7.518559,147.0315,-5.78531,9.487294,-6.746607,-67.33804,-8.795293,10.81434,-3.905693,77.64606,8.675347,9.49023,184.2883,-147.8673,-104.1386,175.9857,74.98509,164.5033,-40.80461,69.5833,1.722093,18.65208,-0.2380137,1.73478,-5.841924,143.5126,-13.39704,14.56535,27.08417,99.85733,-6.508745,27.66308,26.81762,-96.18665,7.050798,27.55602,0.3544977,0.843839,3.45432,0.2271904,0.8394533,3.45432,0.3782299,0.5352617,3.477696,0.2018324,0.5300204,3.474752,0.3598349,0.3031631,3.52142,0.2168213,0.3308527,3.502478,0.2879704,1.113296,3.505101,0.4197809,1.269998,3.499148,0.4625721,1.031666,3.513021,0.09187875,1.056551,3.52244,0,0
201711292200521237,-8.236372,-118.9828,3.338492,8.781924,-7.384494,146.3461,-5.643432,9.293185,-6.250614,-64.70502,-8.33709,10.18934,-4.001867,78.31026,8.791388,9.630042,186.5874,-150.6467,-118.0323,178.7787,76.14182,162.8322,-36.99912,71.18629,1.740041,18.86209,-0.2171527,1.751127,-5.764353,143.3576,-13.10769,14.27581,26.83247,101.2947,-7.116389,27.61636,26.54289,-96.86418,7.019274,27.28736,0.3269447,0.8437555,3.454204,0.1997084,0.8393444,3.454204,0.3508638,0.5355267,3.479418,0.1746676,0.5298898,3.474501,0.3332242,0.3012911,3.523129,0.1903442,0.3290774,3.502624,0.2606468,1.113105,3.504402,0.3928211,1.27014,3.498266,0.4358571,1.031142,3.512341,0.06547226,1.055653,3.521464,0,0
201711292200521628,-8.249658,-121.0138,3.554645,8.895405,-7.161238,144.1909,-5.50217,9.02891,-5.836615,-64.27428,-8.068461,9.774443,-4.334733,80.39204,9.15798,10.09473,113.2959,-80.87975,-52.66664,183.4312,63.26259,97.71571,-38.28562,62.68106,1.751881,18.63305,-0.1986015,1.761565,-5.809107,142.9739,-12.65195,13.89246,26.67033,103.7427,-7.966777,27.74272,26.50737,-98.40331,6.846078,27.21457,0.2965008,0.8435199,3.453847,0.1692097,0.8391015,3.453847,0.3210834,0.5354608,3.47979,0.1442584,0.5295686,3.473584,0.3038186,0.2993181,3.52296,0.1614331,0.3274021,3.50271,0.2305288,1.112826,3.503386,0.3629698,1.269775,3.496311,0.4065991,1.030599,3.511287,0.03678702,1.054596,3.520617,0,0
201711292200521839,-7.795845,-120.2374,4.094719,8.877668,-6.823908,140.2209,-5.231986,8.596156,-5.117761,-71.04636,-8.314519,9.74555,-4.898467,82.18952,9.414623,10.58573,55.76048,-43.43558,-2.540188,182.7629,66.60681,104.7375,-33.39638,66.10239,1.788767,16.93633,-0.1831873,1.797258,-5.803688,139.8003,-12.14795,13.4409,27.12678,104.8694,-8.367925,28.28919,27.02276,-100.7305,6.926888,27.73866,0.2633844,0.8432556,3.453762,0.1361866,0.8389475,3.453762,0.2900479,0.5350587,3.477909,0.1117296,0.529221,3.472437,0.2730033,0.2983749,3.516971,0.1301868,0.3257722,3.503098,0.1980925,1.112566,3.502554,0.3311662,1.269215,3.495459,0.3748814,1.03046,3.510737,0.006112143,1.05411,3.519791,0,0
201711292200522300,-6.895484,-117.627,4.231375,8.327602,-6.388203,137.8628,-4.849936,8.018543,-3.501007,-88.95642,-8.664001,9.759846,-5.521786,82.49258,9.545891,11.00356,31.30615,12.16923,18.94822,153.7592,69.21964,108.6069,-29.89827,68.80624,1.842492,20.91544,-0.1599891,1.849339,-5.601182,142.7702,-11.48442,12.76133,26.73341,106.7138,-9.112481,28.17192,27.28403,-103.0759,6.820022,27.97612,0.2315421,0.8425761,3.452463,0.1041472,0.8384888,3.452463,0.2581679,0.5337498,3.473053,0.08083209,0.5285673,3.470297,0.2409806,0.3126021,3.503171,0.09975212,0.3323957,3.50147,0.1667736,1.112053,3.49979,0.3006624,1.268466,3.492106,0.3446822,1.03026,3.507766,-0.0226784,1.05313,3.517566,0,0
201711292200522521,-4.774086,-96.08236,3.463583,7.331608,-5.88974,133.806,-4.689341,7.53659,-6.234348,-105.5224,-6.700532,11.0619,-6.378181,85.51569,10.12472,11.92966,35.97126,-16.54329,22.60023,140.6405,72.17503,113.8076,-26.64044,71.88598,1.865419,31.41559,-0.1352279,1.8708,-5.658328,80.77667,-10.86431,12.24583,26.76921,107.1201,-9.405758,28.28934,27.58452,-106.1813,6.601402,28.2265,0.2148775,0.8415274,3.451493,0.08728307,0.8379908,3.451493,0.2363503,0.5312408,3.461311,0.06410874,0.5278504,3.46801,0.2233206,0.3114043,3.494688,0.08438562,0.3373061,3.500301,0.1505334,1.111412,3.497518,0.2850542,1.267681,3.489157,0.3292338,1.030293,3.504807,-0.03665669,1.052841,3.51608,0,0
201711292200522952,-2.189316,-72.48132,2.630526,6.808086,-5.243618,132.5736,-4.559104,6.978364,-9.412436,-121.338,-4.410859,12.73477,-7.45431,88.73087,10.85791,13.09875,35.46107,-37.59619,33.34074,128.1828,75.09339,116.6639,-23.23481,74.97678,1.892488,52.27547,-0.1220638,1.896832,-5.883641,34.65923,-10.20502,11.78959,26.9286,108.2549,-9.837792,28.56351,27.98429,-110.9898,6.381286,28.57333,0.1919894,0.8394704,3.449278,0.06411932,0.8370904,3.449278,0.2083953,0.5277356,3.446361,0.04121929,0.5267161,3.464389,0.2003218,0.3083572,3.483884,0.06359428,0.3411036,3.498663,0.1276896,1.110153,3.49331,0.2626288,1.266732,3.483397,0.3079619,1.030187,3.500291,-0.0564075,1.051585,3.512831,0,0
201711292200523253,1.001333,-49.19994,1.831102,7.651268,-4.684809,135.4057,-4.475317,6.525828,-13.82917,-134.0246,-2.353749,16.13679,-7.744245,92.18623,11.5279,13.79829,40.67335,12.27486,35.13171,119.0102,77.11512,118.9225,-20.10712,77.11892,1.907164,70.3772,-0.1012649,1.910309,-5.082962,0.3595047,-9.866633,11.19379,26.56452,107.2611,-9.819114,28.2057,26.6938,-110.8857,6.66867,27.43715,0.1802505,0.8371537,3.446352,0.05211984,0.8362685,3.446352,0.1920092,0.5246813,3.427335,0.02956293,0.5257515,3.460681,0.1889279,0.3041309,3.472109,0.05490813,0.3372708,3.495882,0.1158174,1.108792,3.488338,0.2515812,1.265859,3.478326,0.2973313,1.029325,3.494769,-0.06707123,1.04534,3.505188,0,0
201711292200523549,4.210452,-25.02315,1.018653,8.671456,-4.12062,141.0957,-4.325948,6.020434,-16.95004,-146.5662,-0.5372141,18.29537,-8.148788,94.41769,12.16387,14.52442,42.85051,58.23278,39.08344,109.3699,79.14689,120.7172,-17.10418,79.30222,1.919529,86.47247,-0.074739,1.921381,-4.437117,-28.74695,-9.407486,10.53016,26.15223,106.7404,-9.650568,27.75397,25.5662,-111.8919,6.794801,26.40484,0.1682717,0.834743,3.442612,0.03977592,0.8353269,3.442612,0.1752279,0.5217113,3.40776,0.01780162,0.5246993,3.456433,0.1762483,0.2820953,3.458232,0.04607588,0.3338151,3.4931,0.1037632,1.107338,3.482268,0.2399549,1.265042,3.47124,0.2859189,1.028769,3.487961,-0.07773677,1.038569,3.496727,0,0
201711292200523931,8.085455,14.16459,0.3640335,10.51475,-3.481699,86.8647,-4.176096,5.477915,-20.2503,-158.6671,0.88627,20.71464,-8.660361,96.25036,12.80835,15.31231,44.25402,101.0254,44.25653,99.89823,81.21207,122.2413,-13.07023,81.49302,1.935417,86.00903,-0.03685778,1.936108,-3.709459,-53.71668,-8.825924,9.736914,25.96588,107.5236,-9.502809,27.5265,24.12816,-112.3838,6.609708,24.98252,0.1478474,0.8323725,3.43806,0.01905908,0.8345096,3.43806,0.1508424,0.5195488,3.384005,-0.002440358,0.5237968,3.451449,0.1546307,0.2621323,3.437597,0.02866087,0.330772,3.489983,0.08330929,1.105971,3.474955,0.2201985,1.264358,3.463835,0.2656294,1.028765,3.481317,-0.09670372,1.031818,3.486153,0,0
201711292200524111,11.34453,48.21661,0.1237096,12.67811,-2.92819,53.30014,-4.08945,5.085091,-22.0525,-165.947,1.181362,22.1058,-9.132104,95.37537,13.15751,15.84164,47.81758,56.75025,42.61642,93.50494,82.69781,124.9421,-10.59892,82.99529,1.968431,74.48081,-0.02938813,1.968587,-3.311941,-64.44238,-8.554155,9.321723,26.3017,109.8247,-9.478105,27.82908,23.10443,-113.7688,6.354038,23.92693,0.1360743,0.8312051,3.433819,0.007004876,0.8340826,3.433819,0.1379364,0.5193607,3.364633,-0.01385325,0.5233825,3.447463,0.1420728,0.2484444,3.415385,0.01906912,0.3284185,3.488218,0.07113291,1.105252,3.467822,0.2080427,1.263812,3.45626,0.2529074,1.029087,3.475616,-0.1077518,1.032243,3.477135,0,0
201711292200524548,15.56314,87.04141,-0.158087,15.21974,-2.494472,22.25986,-3.759441,4.524844,-23.91199,-103.6344,1.837931,23.28334,-9.340066,89.32014,12.82339,15.67592,39.93606,25.9395,47.62633,76.77712,102.0013,129.6464,30.61976,102.2761,1.952417,66.12365,-0.009261979,1.951512,-3.060469,-82.92792,-8.14036,8.82406,26.85447,112.9242,-9.486116,28.35032,22.28334,-116.7195,6.134398,23.08039,0.1229879,0.8294835,3.426032,-0.00652399,0.8333198,3.426032,0.1234199,0.5179141,3.336465,-0.02549254,0.5228565,3.441412,0.1286708,0.2314881,3.380443,0.01001483,0.3035408,3.489072,0.05768674,1.104164,3.456405,0.1950311,1.262695,3.444179,0.2392639,1.028872,3.466055,-0.1195005,1.031929,3.464744,0,0
201711292200525004,20.29732,123.533,-0.4571254,18.35972,-2.013031,-12.82903,-3.957969,4.381759,-25.12999,-74.96003,2.290668,23.90123,-9.724298,86.93861,13.14168,16.12584,38.93042,28.27349,51.88178,66.75726,121.87,132.4835,70.83101,121.5414,1.958664,57.7118,-0.004016653,1.957093,-2.777647,-101.9473,-8.098152,8.664457,27.67661,116.7015,-9.550753,29.14173,21.57067,-119.9611,6.397178,22.47817,0.1033617,0.8278001,3.416273,-0.02659512,0.83214,3.416273,0.1027824,0.5184498,3.304326,-0.04618656,0.5220983,3.433522,0.1085644,0.2169155,3.33505,-0.006905672,0.2789972,3.489179,0.03715622,1.102983,3.442689,0.1742733,1.261294,3.429534,0.2181429,1.027956,3.454889,-0.1395411,1.032574,3.449783,0,0
201711292200525154,22.36423,137.2976,-0.5635603,20.19225,-1.810021,-26.50667,-3.717455,4.055313,-23.42485,-56.02884,1.748704,22.21951,-10.47595,79.0816,12.83032,16.37609,41.31312,25.19949,46.10969,62.82269,100.123,88.37183,55.05528,105.6762,1.947696,49.0262,-0.02215589,1.946767,-2.352904,-105.6875,-8.550598,8.983551,27.68577,117.8091,-9.225164,29.04742,21.11386,-119.82,6.743058,22.1481,0.1073831,0.8271266,3.407882,-0.0227981,0.8311634,3.407882,0.1074201,0.5193047,3.287498,-0.03981869,0.5212779,3.426595,0.1112236,0.2118076,3.299999,-0.0004043961,0.2812098,3.485703,0.04003709,1.102163,3.432131,0.1767443,1.260584,3.418314,0.2203474,1.027051,3.445501,-0.1378603,1.035782,3.438869,0,0
201711292200525484,25.18676,156.7553,-0.7888215,22.34967,-1.813037,-40.47096,-3.357272,3.792623,-21.663,-38.51692,1.525221,20.32831,-10.75722,69.84777,12.4326,16.22187,40.55791,25.6572,44.93465,55.89066,100.1444,96.87745,49.68973,105.2376,1.940835,41.66359,-0.02446151,1.939665,-2.408194,-113.0339,-9.064795,9.447116,27.63492,119.0441,-8.897252,28.89714,21.14507,-122.4493,7.359727,22.36386,0.1077367,0.8253108,3.396189,-0.02270718,0.8290424,3.396189,0.1076684,0.5190454,3.263942,-0.03658094,0.5198301,3.418598,0.1100309,0.204783,3.25509,0.003188726,0.2806633,3.481149,0.03928105,1.100351,3.417278,0.1755678,1.258942,3.402173,0.2191348,1.02435,3.431652,-0.1395989,1.038852,3.42439,0,0
201711292200525824,27.981,176.1062,-1.141933,24.46945,-1.648098,-54.34669,-3.074682,3.452222,-18.9007,-22.15436,1.234191,17.62152,-11.62322,60.57661,12.01103,16.50316,38.42254,26.31078,44.11647,47.81371,82.46461,58.79863,41.33897,92.38241,1.933782,34.70113,-0.02253902,1.932157,-1.92302,-122.1385,-9.508859,9.751144,27.2701,119.4273,-8.574341,28.44355,21.15695,-123.4373,7.815154,22.50945,0.1033726,0.8228502,3.381552,-0.02731289,0.8262742,3.381552,0.102649,0.5179658,3.238045,-0.03835589,0.5176157,3.407048,0.1026596,0.1990045,3.202735,0.001549742,0.278484,3.475369,0.0336507,1.097709,3.399187,0.1695614,1.256427,3.382725,0.2133343,1.021856,3.414195,-0.1463556,1.041666,3.405538,0,0
201711292200526177,29.98027,191.1882,-1.281345,26.04976,-1.69144,-63.68865,-2.797229,3.27668,-15.80433,-8.566115,0.8793108,14.82377,-11.99487,51.32619,11.16525,16.19042,36.94553,25.80727,42.78592,41.3093,96.92471,58.7503,59.77209,97.0397,1.92451,28.18596,-0.01254956,1.922377,-2.013946,-125.3908,-9.906885,10.11376,26.98384,119.7206,-8.356503,28.08902,21.49911,-125.9054,8.282293,22.96312,0.09301944,0.8201011,3.365788,-0.03794404,0.8233323,3.365788,0.09242347,0.5160909,3.215131,-0.04662335,0.5153924,3.394896,0.09075312,0.1946726,3.155304,-0.006839152,0.2600426,3.472714,0.02233635,1.094754,3.380551,0.1577931,1.253861,3.362331,0.2024177,1.018539,3.396353,-0.1585848,1.043592,3.386117,0,0
201711292200526568,31.66083,203.5493,-1.445657,27.40695,-1.897115,-72.73683,-2.787415,3.394687,-12.43552,3.226727,0.6231306,12.14124,-12.67611,44.23735,11.02916,16.51347,32.73262,26.75572,38.41268,32.54971,98.17709,72.52556,53.95104,98.30543,1.931232,22.12054,-0.01048845,1.928684,-0.3753095,-134.5397,-10.0582,10.3596,26.6,119.8017,-8.287263,27.69108,20.02863,-122.7902,8.698366,21.79147,0.07656018,0.8168256,3.346797,-0.05431546,0.819736,3.346798,0.07642635,0.5133092,3.191299,-0.06168794,0.5128961,3.380744,0.07403968,0.1907497,3.107673,-0.02165054,0.2584938,3.464962,0.004625022,1.091217,3.358377,0.1402322,1.250734,3.338875,0.1858681,1.013205,3.374441,-0.1768705,1.038342,3.357375,0,0
201711292200526974,33.38241,217.4384,-1.331857,28.70205,-2.495232,-82.92619,-2.680245,3.785927,-9.058312,16.90414,0.01787984,9.790586,-13.25341,35.53648,10.54111,16.55178,28.25562,27.68462,34.55872,22.96266,99.90479,86.15298,49.7635,100.0699,1.927199,15.89496,-0.003466298,1.924149,0.8080706,-143.0741,-10.24502,10.48722,26.9296,121.5494,-8.164654,27.94951,18.79295,-122.2324,9.391418,20.95393,0.05713889,0.812349,3.321592,-0.07404535,0.815237,3.321592,0.0587725,0.509306,3.160806,-0.07989009,0.5099853,3.362067,0.05495053,0.1850333,3.052923,-0.03903833,0.2409323,3.459751,-0.01598339,1.086647,3.330467,0.1197306,1.246297,3.30942,0.1662552,1.00783,3.349116,-0.1983489,1.030558,3.323964,0,0
201711292200527235,33.05887,216.1921,-0.8419905,28.71349,-3.312159,-81.15444,-2.737981,4.460671,-6.317461,22.75553,-0.9265599,8.446467,-13.55729,30.28592,10.07778,16.47126,27.52823,24.97661,28.44411,20.5862,100.5439,100.496,42.81715,100.6817,1.918306,12.03007,0.007881086,1.915282,1.367692,-138.9021,-10.3763,10.56849,26.17028,119.2384,-7.785156,27.09593,19.06211,-122.1812,9.826156,21.3513,0.04167044,0.8090228,3.301626,-0.08936195,0.8117129,3.301627,0.0465003,0.5056713,3.145127,-0.09515405,0.5080343,3.34781,0.04130796,0.1837921,3.025813,-0.05527988,0.2318587,3.455712,-0.03186541,1.083068,3.30944,0.1035234,1.243242,3.28757,0.150967,1.00481,3.328318,-0.2148179,1.025042,3.299975,0,0
201711292200527536,33.65854,219.8131,-0.506384,29.45502,-4.212358,-80.39167,-2.643345,5.164329,-4.619531,29.14716,-1.643229,7.063351,-14.26521,24.63704,9.812585,16.80554,25.7881,23.19284,23.59379,16.67091,102.0256,112.7522,36.78575,102.1746,1.917658,7.817022,0.01827698,1.914589,2.0864,-136.7869,-10.30922,10.49379,25.94331,117.3414,-7.109149,26.68953,18.69613,-121.9904,10.08962,21.10867,0.04020523,0.8051578,3.276762,-0.09075649,0.807408,3.276762,0.04691266,0.5022957,3.119747,-0.09604411,0.5056545,3.329669,0.04019003,0.1809998,2.990405,-0.05605496,0.2240501,3.45039,-0.03327212,1.078984,3.282956,0.1019605,1.239665,3.259793,0.1499996,1.000905,3.302021,-0.2165437,1.018623,3.271054,1,0
201711292200527944,34.18324,224.7213,-0.06904811,30.03466,-5.983626,-77.94946,-1.603898,6.653425,-3.262072,36.66545,-2.337226,5.848274,-15.04093,13.14725,7.629198,16.72903,24.05327,21.59066,19.47214,12.23556,104.5752,125.8368,34.12399,104.7524,1.908941,3.528554,0.03980786,1.90596,2.613475,-135.3875,-10.21668,10.34251,26.29355,117.8661,-6.702125,26.9201,18.355,-122.6456,10.38156,20.89654,0.01564027,0.8008384,3.244632,-0.115238,0.8031648,3.244633,0.02487122,0.4981986,3.087428,-0.1144081,0.4950382,3.311484,0.01730583,0.1760212,2.950323,-0.07977567,0.2168749,3.445082,-0.05803031,1.074793,3.249515,0.07821115,1.235515,3.226573,0.1260531,0.9953116,3.269994,-0.2406079,1.012433,3.234538,1,0
201711292200528154,33.49099,220.072,0.2284953,29.79503,-7.287913,-68.96732,-0.7158329,7.801214,-2.911944,37.77689,-2.954019,5.512969,-15.58883,6.008459,5.757045,16.75994,28.58681,16.59074,17.92386,16.86038,105.7836,136.289,29.76524,105.9514,1.902728,1.729138,0.03971594,1.899954,2.355868,-126.2273,-10.10605,10.16992,25.82202,117.6076,-6.806212,26.49706,19.17227,-124.4311,10.2777,21.59454,0.02087773,0.7989942,3.221907,-0.1099671,0.8010949,3.221907,0.03144758,0.4961552,3.069238,-0.1044804,0.4929705,3.296197,0.02245666,0.1752258,2.934709,-0.07464315,0.2174659,3.439621,-0.05249483,1.072862,3.22683,0.08443733,1.234008,3.203274,0.1325514,0.9916934,3.246102,-0.2341948,1.008777,3.211757,1,0
201711292200528520,33.69039,221.4969,0.6437175,30.1933,-8.960736,-64.07155,0.2891687,9.302097,-3.275045,43.57074,-3.788795,5.862582,-16.54295,-2.7615,3.768448,17.12221,32.42301,11.765,15.92413,19.18977,94.92322,140.7463,26.53924,95.14095,1.899303,-1.422003,0.0384923,1.896574,3.074441,-125.1073,-9.954485,10.09252,24.31272,112.3941,-5.957208,24.82582,18.61246,-121.8967,10.26348,21.0673,0.0249714,0.7970739,3.187557,-0.1059921,0.799169,3.187557,0.03750341,0.4946385,3.035149,-0.09528317,0.4908495,3.272213,0.02632903,0.1726028,2.90316,-0.07013088,0.2151153,3.431473,-0.04809498,1.071174,3.192087,0.08947995,1.232273,3.167072,0.1377232,0.9882439,3.208351,-0.2290643,1.004483,3.173806,1,0
201711292200528884,33.28799,223.2642,0.5685914,30.03881,-10.19863,-57.30666,1.325589,10.42877,-4.535432,49.46404,-4.062474,6.876428,-17.75769,-10.91401,1.821508,17.83414,37.59878,4.290281,13.56799,23.27813,98.43945,151.4269,22.59246,98.6939,1.903075,-4.305615,0.03618179,1.90047,2.914818,-118.6679,-9.88454,9.948499,23.94047,111.3841,-5.943575,24.46019,19.42502,-123.1738,10.34278,21.82645,0.03715008,0.7963626,3.151183,-0.09351985,0.797613,3.151183,0.0486923,0.4814809,2.997625,-0.07779574,0.489338,3.242949,0.03539332,0.1581134,2.876426,-0.05729208,0.2142577,3.416337,-0.03502696,1.071081,3.155638,0.1023483,1.232106,3.128717,0.1509447,0.9869782,3.168883,-0.2161285,1.00156,3.137731,1,0
201711292200529225,31.45479,220.7337,0.6083516,28.51707,-10.77126,-51.45304,2.025003,10.8844,-5.163429,58.06427,-4.637212,7.423758,-19.83737,-18.21472,-0.04089075,19.50709,38.14435,-5.667861,10.41905,23.21764,101.9354,160.5114,21.76043,102.203,1.903321,-5.581604,0.06173163,1.901569,3.075793,-115.4777,-10.06204,10.09714,22.43072,107.5091,-5.591756,22.92113,18.85823,-121.9487,10.81495,21.53843,0.01426333,0.7974685,3.109575,-0.1156076,0.7957802,3.109575,0.02631209,0.4577766,2.959951,-0.09616043,0.4823385,3.203994,0.01044529,0.1376567,2.852774,-0.08120671,0.2097833,3.390501,-0.05748286,1.072324,3.115264,0.08036802,1.233161,3.090389,0.1282248,0.9877301,3.127092,-0.2390567,0.9999382,3.094342,1,0
201711292200529614,28.87605,216.2481,0.3006155,26.29635,-10.03485,-44.62107,2.544038,10.09525,-5.319514,65.86045,-4.933245,7.461546,-23.50497,-25.92579,-1.040757,22.79735,39.17747,-15.92125,6.252058,23.99173,105.5894,168.845,16.92881,105.8824,1.87984,-6.188555,0.05127233,1.878205,3.370114,-115.0559,-10.68863,10.7307,22.07718,106.2504,-5.614024,22.5961,17.58726,-116.1305,10.93708,20.49194,0.03790142,0.7994388,3.069988,-0.09136195,0.7971047,3.069988,0.04821671,0.4365208,2.929924,-0.06891009,0.4796963,3.157928,0.02979326,0.1195665,2.83744,-0.05616577,0.2118946,3.357695,-0.03338698,1.075454,3.077416,0.1044757,1.236305,3.051982,0.1519597,0.9890048,3.085808,-0.2155803,1.009604,3.055476,2,0
201711292200529834,25.32714,202.7509,-0.6570534,23.3505,-8.768654,-48.80418,2.049441,8.826427,-4.940378,61.05231,-4.122045,6.743511,-26.53682,-26.70959,-0.7598765,25.72283,45.1292,-20.4979,3.721825,31.11317,107.722,173.4534,12.17586,108.0078,1.91946,0.05027199,0.07440172,1.918731,3.170091,-117.0736,-11.08575,11.11124,21.31622,103.7798,-5.766316,21.92539,17.81783,-111.8169,10.74658,20.6089,0.05984911,0.8042024,3.039829,-0.06911508,0.8006409,3.039829,0.06545,0.4475733,2.918009,-0.0487773,0.4840103,3.115188,0.04756254,0.1301167,2.838885,-0.03624974,0.2200495,3.319499,-0.01200832,1.080259,3.051219,0.1252511,1.241182,3.026222,0.172691,0.9933544,3.056445,-0.1956798,1.015262,3.030668,2,2
201711292200530311,21.5375,203.4672,-2.229745,20.55854,-7.677956,-42.56509,2.472982,7.707495,-4.129345,34.7843,-1.846244,6.716845,-31.65082,-39.6982,-2.54563,30.50299,51.46321,-7.916704,0.8267565,36.94599,112.1424,181.9722,9.910468,112.4659,1.874577,2.020071,0.09427321,1.87451,3.37625,-118.9393,-11.41635,11.44173,21.45883,101.5427,-5.529567,22.00363,17.73419,-106.3697,10.68883,20.49273,0.04589465,0.8077966,2.9905,-0.08224619,0.8035825,2.9905,0.04150621,0.443856,2.888591,-0.05799829,0.4609721,3.056968,0.02887171,0.1257461,2.824056,-0.05125308,0.2052233,3.277737,-0.02604851,1.084692,3.004893,0.1114611,1.245701,2.981372,0.1588209,0.9971164,3.008681,-0.2106517,1.022542,2.983158,2,2
201711292200530512,17.95076,198.7901,-3.663227,18.28791,-6.602726,-39.35958,2.375121,6.62201,-3.917541,-3.432091,0.4710848,7.351476,-34.26382,-45.90304,-3.411417,33.17865,56.65328,13.69222,-1.214782,43.78783,113.9905,113.199,7.851351,114.2853,1.872651,7.809412,0.09576949,1.872709,3.683372,-123.4446,-11.63337,11.77587,21.09208,98.16116,-5.64195,21.68686,17.58282,-99.64796,10.34462,20.21144,0.04361218,0.811685,2.967852,-0.08366902,0.8077657,2.967852,0.03011859,0.4442267,2.883617,-0.05872903,0.4462246,3.02465,0.02324935,0.1263528,2.833781,-0.0558421,0.1964011,3.248373,-0.02840342,1.089342,2.985518,0.1090387,1.250029,2.963075,0.1567704,1.002512,2.986525,-0.2146738,1.025832,2.963049,2,2
201711292200530848,14.46196,195.4031,-5.190751,16.10463,-5.422454,-32.99965,2.418587,5.413351,-4.222629,28.34004,2.579575,8.187919,-36.82525,-59.26217,-4.744218,35.61587,62.7938,41.66452,-5.434491,50.33461,100.9871,66.93866,3.533559,101.441,1.845615,11.53591,0.08453093,1.845493,3.78211,-127.493,-12.00949,12.16563,20.34982,93.24773,-5.746443,21.01669,18.19414,-94.10822,9.999118,20.62789,0.05530536,0.8154799,2.927283,-0.07105055,0.8116946,2.927283,0.03253708,0.4432798,2.860518,-0.0444814,0.4307174,2.973455,0.03024216,0.1258712,2.828908,-0.04676551,0.1824022,3.200848,-0.01680059,1.093973,2.94813,0.1202208,1.255252,2.925459,0.168666,1.008355,2.943832,-0.205254,1.029532,2.92641,2,2
201711292200531209,11.05252,194.1815,-6.474399,14.07717,-1.406096,-5.86763,2.280025,7.035882,-5.393574,45.09717,3.458925,9.071465,-41.76334,-90.23984,-5.725149,40.50872,69.25735,1.126945,-8.483148,57.61012,90.92659,14.53696,1.198582,91.35863,1.832978,14.87838,0.07290325,1.832665,4.058398,-131.4512,-12.33898,12.57325,19.00668,87.16329,-6.230741,19.9609,19.35966,-88.24001,9.540394,21.5363,0.0619589,0.8192132,2.892785,-0.0636218,0.8161976,2.892785,0.03128384,0.44145,2.843443,-0.03760721,0.4396564,2.910887,0.02766534,0.1257828,2.834599,-0.0442659,0.1932295,3.139726,-0.01035673,1.098819,2.916306,0.1258253,1.260336,2.892323,0.1762087,1.013727,2.90447,-0.2006102,1.034074,2.894762,2,2
201711292200531550,8.019406,118.7298,-7.282126,11.97528,2.654961,20.70148,2.276483,8.95101,-6.600642,58.84573,3.626099,9.833924,-46.46333,-117.9816,-6.998207,45.22292,75.20831,-34.4865,-9.190924,64.4651,84.44073,-34.41564,-0.2579394,84.83839,1.819348,17.67407,0.0775082,1.819229,4.191502,-132.1995,-12.56745,12.85296,18.77826,81.44968,-6.250763,19.7397,20.16777,-83.82731,9.209486,22.14812,0.04367428,0.8231151,2.858607,-0.08133997,0.8206429,2.858607,0.008157486,0.4429982,2.824916,-0.05553352,0.4492226,2.849239,0.001403995,0.129317,2.837192,-0.06758788,0.2045857,3.078457,-0.02882419,1.103574,2.884275,0.1068752,1.26535,2.860819,0.158696,1.019185,2.86737,-0.2207218,1.038657,2.862681,2,2
201711292200531990,3.992633,52.95118,-7.430724,9.047837,5.015961,40.29647,2.611132,9.279456,-6.562912,57.61016,2.389087,9.568705,-46.00623,-141.8182,-8.281536,44.8469,72.81992,-55.67332,-16.54211,63.4234,74.96046,-76.4775,-5.39303,75.57298,1.808586,22.14975,0.07284267,1.808434,4.345096,-134.3398,-13.00904,13.34593,17.31688,74.3191,-6.842031,18.64728,21.29144,-79.19083,9.247061,23.17697,0.03792165,0.8277375,2.819256,-0.08635022,0.8258778,2.819256,0.001365176,0.4318092,2.807209,-0.05699991,0.4355157,2.789028,-0.01274285,0.1202839,2.838309,-0.07297992,0.1917851,2.997043,-0.03449823,1.109171,2.847736,0.1003641,1.271041,2.822529,0.1543901,1.026265,2.82149,-0.2294078,1.04269,2.826148,2,2
201711292200532140,1.5388,20.3883,-7.108191,7.738452,8.264418,60.63216,2.234346,11.31995,-6.163471,51.76242,2.188879,8.680664,-45.7114,-154.1349,-7.309676,44.66505,73.92319,-76.77058,-22.60855,66.06207,68.82307,-102.5993,-7.576005,69.52142,1.813322,22.77694,0.08341764,1.813825,4.734581,-133.7108,-13.06553,13.58482,17.06167,70.31866,-7.297965,18.57973,21.71267,-76.69052,9.30765,23.57388,0.009017203,0.83039,2.804945,-0.115177,0.8289988,2.804945,-0.02574346,0.4261343,2.808427,-0.08827683,0.4297391,2.749256,-0.03945286,0.1156182,2.849195,-0.1013755,0.1768302,2.939723,-0.06354596,1.112178,2.833604,0.07140966,1.273945,2.810055,0.1269785,1.03011,2.804146,-0.2596093,1.044495,2.812283,2,2
201711292200532600,-2.95699,-22.76517,-7.065694,6.031825,13.33461,83.381,1.448616,14.7371,-5.284101,44.26822,1.67345,7.479167,-46.02372,-174.763,-6.340539,44.97192,72.18012,-102.857,-24.50074,65.15549,68.80996,-68.98367,-11.14691,69.48615,1.810357,26.20343,0.07396942,1.810781,4.541466,-132.5263,-13.31863,13.82036,16.01526,64.0639,-8.057055,17.96261,22.99012,-74.48109,9.215401,24.70891,0.008624833,0.834098,2.765866,-0.1150481,0.8330976,2.765866,-0.0259165,0.4184917,2.796155,-0.09350188,0.4402327,2.675785,-0.04180478,0.1117772,2.853752,-0.1050327,0.1750419,2.839269,-0.06371455,1.116533,2.796728,0.07085199,1.278501,2.771942,0.128207,1.035834,2.758085,-0.2622613,1.04772,2.777658,2,2
201711292200532881,-6.211324,-48.93948,-6.660328,5.677042,16.73687,99.21516,0.7523397,17.14734,-4.005107,32.47856,0.5458468,6.662106,-41.41679,-152.3701,-5.295438,40.45934,68.38142,-119.6955,-22.00488,62.4207,66.55869,-64.53912,-12.34797,67.16446,1.800241,28.90601,0.07161658,1.800741,4.220812,-129.5998,-13.29798,13.7642,16.80339,60.47876,-8.559715,18.85254,24.81728,-74.4387,9.043625,26.35915,0.0008542626,0.8356014,2.742876,-0.1227612,0.8350353,2.742876,-0.03149467,0.4148953,2.793473,-0.1064563,0.4511458,2.63141,-0.05199843,0.109328,2.859509,-0.1165709,0.1742239,2.750434,-0.07108945,1.118525,2.774775,0.06369643,1.279907,2.749689,0.1219449,1.039307,2.730664,-0.270664,1.048428,2.758143,2,2
201711292200533232,-10.16852,-80.59761,-6.357625,5.245655,20.09488,115.0784,-0.06023794,19.37537,-3.147153,22.77652,-0.466386,5.911232,-35.26939,-134.4778,-4.198252,34.50706,67.19463,-140.7489,-20.04035,62.26869,58.46277,-64.94395,-12.22595,59.0079,1.792627,33.30066,0.06572337,1.793151,3.620104,-125.7698,-13.20024,13.60464,17.35999,57.17863,-9.218912,19.59569,26.19902,-74.4549,8.451837,27.47411,0.001098486,0.8366104,2.7093,-0.1224889,0.8366524,2.7093,-0.0296397,0.410105,2.783848,-0.112056,0.458936,2.575489,-0.05511233,0.09923451,2.865791,-0.1208235,0.1730471,2.640363,-0.07044876,1.120179,2.742947,0.06470472,1.28117,2.716422,0.1236318,1.043316,2.69254,-0.2704651,1.049471,2.729572,2,2
201711292200533593,-13.86631,-103.9117,-5.850402,5.695141,22.86379,128.6516,-0.9924557,21.33695,-2.187376,14.03284,-1.324919,5.156822,-28.55429,-116.9229,-2.589294,28.67271,65.08913,-157.5864,-18.24577,61.17237,51.3614,-63.26586,-10.2202,51.84327,1.792665,38.65434,0.05924709,1.793251,3.161731,-120.4311,-12.88124,13.23736,17.37495,52.98861,-9.727002,19.80275,26.79083,-74.36497,7.918206,27.85419,0.0009854046,0.8360063,2.679267,-0.1229462,0.8366525,2.679267,-0.02747365,0.4073435,2.776695,-0.1193769,0.4722289,2.530371,-0.05635318,0.0929371,2.872463,-0.1255037,0.1806659,2.542018,-0.06973878,1.120029,2.714254,0.065997,1.280743,2.688336,0.125017,1.044246,2.658514,-0.2695939,1.047936,2.704435,2,4
201711292200533875,-16.92655,-118.111,-5.001159,6.840607,24.11959,137.898,-1.825282,22.14203,-1.400389,6.341716,-2.19904,4.729032,-20.87042,-100.519,-0.9241003,24.50024,62.73769,-169.0968,-16.62149,59.7111,45.69415,-59.10825,-8.205272,46.10453,1.790614,44.84859,0.04095691,1.791249,2.123687,-110.6667,-12.33036,12.65726,18.54087,52.86552,-10.48921,21.14491,27.34236,-77.38573,6.926435,28.12233,0.01995538,0.8335205,2.654694,-0.1042778,0.8345236,2.654694,-0.004191758,0.405955,2.771321,-0.1072113,0.4816807,2.500483,-0.0348397,0.08980361,2.878414,-0.110513,0.1887994,2.463057,-0.04935624,1.117602,2.690613,0.08700392,1.277641,2.663486,0.1459682,1.042623,2.631919,-0.2477571,1.044477,2.685883,4,4
201711292200534276,-21.08322,-151.7463,-4.149446,8.467344,26.01328,133.0712,-2.97063,23.50369,-0.4591697,-1.114341,-3.080187,4.296172,-14.68486,-86.97195,1.183201,20.33154,61.27555,-182.698,-15.78073,59.18079,39.3782,-56.29617,-7.11427,39.71742,1.794713,65.34723,0.0219107,1.795459,1.20144,-104.1786,-11.78851,12.08496,18.81826,50.10874,-11.19448,21.67463,27.3592,-78.65975,6.034894,27.88057,0.04435234,0.830446,2.619693,-0.08029974,0.8320567,2.619693,0.02470132,0.4048188,2.761201,-0.0913163,0.49081,2.454835,-0.007504409,0.08683985,2.884127,-0.09079668,0.1950416,2.371859,-0.02364863,1.114636,2.657716,0.1135693,1.273942,2.631096,0.1719295,1.039472,2.59473,-0.2203986,1.039062,2.658208,4,4
201711292200534487,-23.04896,-162.2418,-3.478599,10.42546,26.82783,125.6891,-2.995609,24.25207,-0.2216066,-5.566228,-3.708752,4.187825,-11.63315,-72.74763,1.921942,16.79122,68.77325,-187.6247,-15.56516,67.26768,39.50774,-49.00421,-5.774218,39.78278,1.795281,75.90544,0.01122865,1.795985,0.815371,-101.0057,-11.08431,11.32781,19.69855,50.34845,-11.38737,22.53693,26.27117,-79.28633,5.216954,26.6278,0.05601145,0.8264744,2.60135,-0.06911765,0.8275837,2.60135,0.03999958,0.4059834,2.755192,-0.08158291,0.4775212,2.425898,0.007636623,0.09438077,2.884482,-0.07838175,0.1787276,2.323242,-0.01129862,1.109701,2.63982,0.1265667,1.269208,2.614002,0.1840118,1.034772,2.577321,-0.2062358,1.031023,2.642944,4,4
201711292200534973,-28.15427,-193.6371,-2.949824,12.96371,28.08122,121.5682,-3.453942,24.88674,0.297814,-11.92071,-4.456846,3.737647,-7.456157,-59.73981,3.081548,12.63485,64.95736,-200.6112,-14.70051,64.47056,36.20563,-44.50961,-7.961824,36.49302,1.817107,78.58237,0.01739873,1.818075,-0.8083107,-105.5083,-10.4527,10.94102,19.57665,48.67619,-11.65219,22.52378,25.83831,-82.7609,3.863438,25.89145,0.0796701,0.8215491,2.554101,-0.04595983,0.8219364,2.5541,0.0673548,0.4058835,2.736967,-0.06176855,0.4663983,2.364311,0.03450349,0.1028743,2.885054,-0.05474977,0.1619298,2.229832,0.01247712,1.104508,2.595938,0.1504907,1.263574,2.570969,0.2072142,1.028648,2.531941,-0.1806133,1.022849,2.604977,4,4
201711292200535184,-29.5311,-196.1083,-2.536335,14.92741,28.06762,116.1543,-3.66519,24.99405,-0.7888496,-14.35411,-4.936219,4.421635,-6.165202,-50.1056,3.844342,10.89256,61.07205,-201.0947,-12.52773,61.07593,35.62826,-35.79191,-8.546913,35.91481,1.816493,78.2331,0.001026317,1.817375,-1.293336,-107.9186,-9.967186,10.41522,19.50071,49.44402,-11.02683,22.20686,24.20755,-84.11137,3.153337,24.14622,0.09475627,0.8176771,2.531686,-0.03118122,0.8175283,2.531685,0.08581147,0.4077674,2.722617,-0.04794166,0.4586416,2.339889,0.05368821,0.1132992,2.880759,-0.03779941,0.151014,2.200468,0.02717152,1.100053,2.573902,0.1653671,1.25839,2.550647,0.2195785,1.023159,2.513831,-0.1639697,1.017026,2.585455,4,4
201711292200535545,-31.96958,-216.3562,-1.675092,16.81113,27.9166,102.2216,-3.323325,24.66714,-2.752904,-17.62352,-5.288815,5.893983,-4.690942,-39.52377,4.114573,8.905453,71.62137,-208.7627,-13.50006,72.29025,33.70529,-29.78515,-7.930119,33.93266,1.852342,73.17377,-0.04970052,1.85556,-2.910009,-46.41601,-9.059731,10.05611,18.48383,49.42094,-10.05566,20.89408,23.47047,-89.64182,2.004062,23.22415,0.1019682,0.8147287,2.493763,-0.02418295,0.8149846,2.493763,0.09770072,0.4085848,2.696234,-0.0398836,0.4533981,2.298597,0.06800629,0.1252107,2.871821,-0.02760756,0.1412107,2.151237,0.03534748,1.097037,2.538882,0.1739329,1.25467,2.514929,0.2255452,1.018403,2.480855,-0.1523038,1.013388,2.55492,4,4
201711292200535831,-31.1193,-218.6774,-1.019975,16.51903,28.14148,95.88568,-3.593064,25.02471,-6.523544,-19.75837,-5.471812,9.17083,-5.324835,-35.34555,4.962384,9.158342,80.59756,-211.6295,-13.37077,81.67148,37.70858,-19.77115,-9.596889,37.93562,1.852733,76.72749,-0.0736876,1.856424,-3.252166,-55.70662,-8.572629,9.501818,17.26999,49.40406,-8.893513,19.33825,21.75055,-90.85284,1.605547,21.44526,0.09654833,0.8133839,2.466308,-0.02984553,0.8138536,2.466308,0.09631453,0.4255894,2.656622,-0.04684635,0.4647569,2.274194,0.06959272,0.1520048,2.84442,-0.03164783,0.1493627,2.131241,0.02974218,1.095592,2.511711,0.1687095,1.252829,2.488732,0.2177693,1.015421,2.45828,-0.1557123,1.011732,2.528735,4,4
201711292200536152,-30.17581,-225.1956,0.03569853,15.63496,27.37104,87.406,-3.553437,24.23914,-11.34879,-24.84893,-5.71088,13.54865,-5.158714,-32.59767,5.332284,8.574198,89.64957,-216.8345,-14.00376,91.28819,35.44606,-9.415775,-8.511314,35.61151,1.841562,76.67981,-0.09095186,1.845386,-5.188297,-62.28441,-7.886947,9.754681,16.29104,50.39969,-7.865548,18.05438,23.05593,-99.99025,0.7364155,22.61359,0.1187371,0.8127857,2.428788,-0.007918624,0.8137153,2.428788,0.1246242,0.4424624,2.605658,-0.02494194,0.4637429,2.240445,0.1022916,0.1803415,2.809227,-0.007972002,0.1447114,2.102103,0.05231367,1.095199,2.475512,0.1917792,1.25272,2.452568,0.2379806,1.014019,2.425816,-0.1303786,1.010386,2.498845,4,4
201711292200536519,-27.35665,-168.6174,0.1748251,13.26454,25.83992,77.20769,-3.387911,22.78261,-18.58469,-16.35956,-4.796514,20.32794,-5.018183,-33.42609,5.642631,8.045124,98.70493,-220.5054,-13.80472,100.8168,40.26508,4.784776,-9.30719,40.40984,1.840542,69.73029,-0.08529465,1.843932,-6.074851,-8.742153,-7.592151,9.626595,15.46924,51.80379,-6.615058,16.88089,21.73615,-103.0953,0.7815865,21.30614,0.1120142,0.81328,2.392648,-0.01471493,0.8143383,2.392648,0.1186517,0.4579841,2.544966,-0.03080664,0.4726449,2.215241,0.1016068,0.2100562,2.765411,-0.01166352,0.1508383,2.085171,0.0456347,1.09587,2.441265,0.1856654,1.253485,2.420732,0.229154,1.013463,2.398659,-0.1355097,1.011759,2.466686,5,4
201711292200536893,-23.64346,-149.5909,0.7690266,10.71305,23.39096,65.70861,-2.879972,20.38441,-26.01457,-51.82034,-3.975476,27.31281,-3.634018,-30.65034,5.469341,6.217062,106.9631,-224.6216,-15.17036,109.6497,44.73977,17.78016,-11.07987,44.87283,1.823762,65.29321,-0.09235043,1.826939,-7.852155,-27.89285,-7.106396,9.984656,15.32968,55.84134,-5.727688,16.44779,23.00418,-109.9594,-0.07431164,22.44332,0.1295963,0.8149179,2.350573,0.002618032,0.8163436,2.350573,0.1393946,0.4739175,2.473661,-0.01073667,0.4810592,2.190041,0.1290233,0.2374985,2.708197,0.009468763,0.1564995,2.067142,0.06373291,1.097709,2.400575,0.2047448,1.255613,2.382094,0.2461816,1.013262,2.365531,-0.1152762,1.013255,2.433621,5,5
201711292200537214,-19.26638,-123.4011,0.710196,8.992734,20.30008,53.67244,-2.216873,17.54821,-33.23723,-84.98552,-2.391735,34.19113,-3.254739,-40.02496,4.791109,5.377096,113.5714,-149.3001,-14.67287,116.4836,50.07211,40.10635,-10.34111,50.16954,1.826291,57.26703,-0.07609154,1.829063,-8.142688,18.25729,-7.263968,10.03925,15.92859,61.35218,-4.908218,16.76765,21.69836,-109.294,0.2998034,21.21935,0.1236552,0.8176156,2.319195,-0.003517212,0.8188689,2.319195,0.1331733,0.4791344,2.409415,-0.01248034,0.4869476,2.178335,0.1298522,0.2531806,2.653278,0.007355319,0.1613487,2.071073,0.05742873,1.100353,2.370625,0.1987305,1.258568,2.355418,0.2387409,1.014829,2.345015,-0.1220116,1.016732,2.402842,5,5
201711292200537460,-14.97486,-98.61893,0.404448,8.026001,17.06005,44.20478,-1.865542,14.58192,-38.25169,-111.6837,-0.3573031,38.99109,-3.135827,-53.71841,4.549504,4.897815,117.3453,-85.54132,-14.85617,120.3269,55.2122,62.87835,-10.00293,55.28724,1.807625,49.7614,-0.07153919,1.809954,-8.653122,56.64898,-7.475924,10.34854,16.36361,65.70762,-4.479051,17.02817,22.23396,-110.6971,0.451087,21.75918,0.1265073,0.821322,2.292513,-0.0007468578,0.8224564,2.292513,0.134211,0.4826754,2.351758,-0.007168143,0.4925301,2.171881,0.1390538,0.2600917,2.596093,0.0131825,0.1668697,2.082265,0.06001471,1.103811,2.344978,0.2015512,1.261794,2.33335,0.2404477,1.016932,2.327094,-0.1205839,1.020316,2.378741,5,5
201711292200537876,-9.831554,-75.74387,0.0812676,8.116939,13.69042,35.29966,-1.645882,11.38768,-43.77956,-140.4933,2.115298,44.34794,-2.410871,-67.50558,4.726396,3.893156,121.2615,-24.38636,-16.83889,124.697,60.37702,89.45454,-11.25748,60.44556,1.809291,45.08231,-0.08370554,1.811604,-8.519073,96.68499,-7.74874,10.34614,17.866,72.18558,-4.196234,18.34919,21.35774,-106.8855,0.4142706,20.86083,0.1454747,0.8258265,2.251635,0.01818272,0.8262811,2.251635,0.1510386,0.4901483,2.272941,0.0133094,0.5004598,2.152761,0.1666535,0.2688234,2.515864,0.03558499,0.1741375,2.079128,0.07914213,1.107687,2.305102,0.2209966,1.265717,2.295972,0.2586347,1.019624,2.294983,-0.1031584,1.024664,2.338092,5,5
201711292200538166,-5.521931,-54.43033,-0.3931521,8.27481,10.35819,22.71567,-1.169604,8.682542,-45.33699,-158.619,3.62042,45.80396,-2.817598,-77.51569,4.228111,3.975945,109.0824,20.22494,-14.10987,112.4195,65.53809,111.1311,-9.610666,65.57249,1.805104,39.06107,-0.07202333,1.806942,-8.0845,120.2485,-8.269541,10.56032,18.17448,75.90712,-4.037833,18.56573,21.60347,-104.029,0.9840113,21.20101,0.1412783,0.8303391,2.227195,0.01384732,0.8297647,2.227195,0.144258,0.4927737,2.218656,0.01313477,0.4916105,2.148042,0.1657525,0.2641138,2.446259,0.03547631,0.1666847,2.09535,0.07426199,1.111369,2.281263,0.2164034,1.269446,2.275158,0.253579,1.02364,2.277443,-0.1103088,1.029148,2.310038,5,5
201711292200538477,0.4037037,-35.78469,-0.8782291,10.34937,6.675493,-3.075924,-0.6163231,6.789185,-47.08778,-175.3967,4.795394,47.42453,-2.089775,-70.02901,4.022495,3.000832,108.5148,64.48964,-13.2144,111.9207,61.67953,122.1177,-3.43769,62.19312,1.805928,34.88965,-0.05841132,1.807448,-6.523184,138.0629,-8.903638,10.88701,20.41806,83.30413,-4.10394,20.71338,20.14709,-94.91411,1.539739,19.91362,0.1351672,0.834669,2.1982,0.007616015,0.8332755,2.1982,0.1355709,0.5093313,2.153688,0.01105382,0.4838585,2.142569,0.1610149,0.2705122,2.358811,0.03512135,0.1599585,2.107106,0.06789422,1.115156,2.252284,0.2105655,1.272976,2.24839,0.2471079,1.027594,2.255775,-0.1194866,1.03487,2.273154,0,5
201711292200538885,5.547498,-16.52137,-0.8356736,11.68868,2.619235,-34.46972,-0.2430247,5.370709,-46.76476,-191.0051,4.94195,46.87134,-0.85505,-53.38356,4.106167,1.6912,98.99988,106.3836,-10.57944,102.5229,61.84129,137.8346,-0.09550285,62.19521,1.812737,34.94426,-0.07363455,1.814454,-5.223724,163.8168,-9.687193,11.36626,21.5402,88.14373,-4.321054,21.81408,20.11491,-87.36893,1.541724,19.85507,0.1461469,0.8388299,2.165287,0.01839379,0.8365493,2.165287,0.1472043,0.5105404,2.085251,0.02514523,0.4755387,2.137104,0.1741456,0.2602623,2.261057,0.05185563,0.1528835,2.118993,0.07852047,1.118756,2.218676,0.2217309,1.276703,2.217314,0.2577508,1.031672,2.227718,-0.111572,1.041223,2.234622,0,7
201711292200539246,9.685482,1.735608,-0.9962967,12.47967,-1.596253,-66.15942,-0.1123769,4.75967,-42.34495,-171.8745,5.158303,42.32468,0.6278272,-33.37444,4.486529,0.6914977,88.52,111.5736,-8.402857,92.0713,67.31332,152.5493,-0.3678163,67.59603,1.810106,32.65167,-0.06861442,1.81137,-3.672313,181.0142,-10.65787,12.09046,23.69695,95.36164,-4.691138,23.95454,20.20092,-79.85676,2.015727,20.01699,0.1425587,0.841853,2.135472,0.01446468,0.8387175,2.135472,0.143251,0.5104159,2.027808,0.02312862,0.4648681,2.135747,0.1712453,0.2477165,2.156489,0.05311618,0.1437947,2.13373,0.07400639,1.121347,2.188376,0.2175733,1.279853,2.188107,0.2530959,1.03561,2.202924,-0.1196709,1.046355,2.195178,0,7
201711292200539658,14.22422,19.59053,-1.179148,14.06499,-5.919123,-94.99265,-0.2643208,4.880396,-37.13582,-149.8743,5.220541,37.02394,2.112478,-14.094,5.004079,0.1218863,78.60431,112.6702,-7.261535,82.14828,63.20444,165.7261,-0.9502487,63.48416,1.811369,30.52919,-0.05205322,1.81216,-1.720737,194.3423,-11.80363,13.12334,24.92158,100.9961,-4.792537,25.13445,20.22765,-72.315,2.940716,20.25794,0.1243138,0.8431193,2.10623,-0.004073942,0.8392395,2.10623,0.1250341,0.5079037,1.968314,0.004925931,0.4528782,2.136313,0.1534332,0.2348212,2.043659,0.03777709,0.1338429,2.150845,0.05421251,1.122607,2.158426,0.1974283,1.28167,2.160339,0.2324149,1.039085,2.178804,-0.1436305,1.050766,2.155044,7,7
201711292200539889,16.90826,31.41496,-1.437665,15.20545,-9.125744,-113.2507,-0.414827,5.934959,-30.08659,-125.5091,4.699167,30.5468,3.021789,-0.3396101,5.421132,0.4108655,71.26464,103.9334,-7.522985,74.53499,59.44377,171.332,-1.886091,59.75558,1.813241,30.10278,-0.04516441,1.813595,0.07317293,197.3769,-12.84089,14.11508,25.99454,104.8231,-5.187205,26.25743,20.34586,-66.5582,3.841092,20.59645,0.1170932,0.8425385,2.088938,-0.01150583,0.8383751,2.088938,0.1171483,0.505123,1.936715,-0.002567886,0.4441156,2.141461,0.1419958,0.2263171,1.961057,0.03246989,0.1274049,2.168793,0.0459229,1.121942,2.139946,0.1883638,1.281455,2.141296,0.2240172,1.040201,2.161936,-0.1557345,1.052823,2.128601,7,7
201711292200540290,19.7549,42.63922,-1.452394,15.92897,-13.48929,-137.1426,-0.643623,7.33908,-22.36225,-105.2987,4.258133,26.56167,4.385796,13.92792,6.078046,0.5490398,62.91828,102.0552,-8.560365,66.15649,56.16104,181.4937,-2.712594,56.52181,1.825876,26.85936,-0.04009559,1.825854,1.746856,200.573,-13.8867,15.10043,26.58061,107.9729,-5.133071,26.79191,20.84891,-60.59177,4.732354,21.29589,0.1028252,0.840819,2.060196,-0.02594532,0.8363436,2.060196,0.1034789,0.5065166,1.891831,-0.01795461,0.4354103,2.14187,0.1262579,0.2257506,1.85855,0.01974865,0.1213854,2.18531,0.03072182,1.120347,2.11129,0.1725533,1.279501,2.112969,0.2079006,1.040415,2.135754,-0.1752906,1.0542,2.091067,7,7
201711292200540501,21.27758,47.32857,-1.466121,16.84538,-16.10502,-148.4987,-0.929437,9.198443,-16.4264,-86.63232,3.724929,22.75819,4.729873,21.33069,6.568924,1.307822,56.63421,92.99266,-10.33151,59.66022,53.63815,183.5453,-3.314604,54.00049,1.821448,26.05804,-0.03044109,1.821182,3.034461,195.8837,-14.62841,15.83639,26.58552,107.7877,-4.872252,26.74561,21.73758,-57.37859,5.551264,22.35939,0.09194634,0.8373772,2.043702,-0.0367096,0.8325856,2.043702,0.09296643,0.5074087,1.870926,-0.03045182,0.4301806,2.142926,0.1130485,0.2256118,1.800073,0.008525467,0.1190135,2.198124,0.01937768,1.1167,2.09408,0.1610114,1.276319,2.09628,0.1964642,1.038211,2.118915,-0.1893096,1.053554,2.068716,7,0
201711292200540961,25.65876,59.94823,-1.391164,18.8491,-21.39365,-172.3945,-1.141859,11.19205,-11.72414,-69.35991,3.354637,17.3714,6.369094,34.70563,7.445792,1.616955,49.9179,95.31636,-12.80364,53.07162,50.8085,195.6802,-4.107323,51.24394,1.829442,23.36606,-0.02452443,1.828842,4.422592,203.0218,-15.83012,16.90784,26.67677,109.0619,-4.592395,26.74491,22.46208,-52.94507,6.690547,23.34451,0.08562548,0.8332899,2.004285,-0.04312463,0.8279783,2.004285,0.08752085,0.5113101,1.806731,-0.03788638,0.4222081,2.139342,0.1061992,0.2250421,1.686705,0.004646553,0.1149482,2.214779,0.0124648,1.112531,2.054376,0.1545682,1.272149,2.056734,0.1896009,1.034976,2.080539,-0.1999786,1.053565,2.021301,7,7
201711292200541242,27.70015,61.29449,-1.191265,20.5847,-22.88412,-182.3289,-1.54205,12.39346,-9.271877,-54.96275,3.04863,14.04697,4.794744,38.71933,7.921021,2.736989,46.07454,87.47294,-13.79837,49.01999,60.09761,197.9683,-2.937887,60.40291,1.840819,23.98454,-0.00852525,1.840265,5.014594,198.6354,-16.30988,17.27203,26.23911,107.0485,-3.987686,26.21767,23.56827,-52.33728,7.47788,24.60628,0.07469393,0.8278718,1.983976,-0.05376276,0.8228471,1.983976,0.07744327,0.5047344,1.775595,-0.05134714,0.4389085,2.122297,0.09505889,0.2180495,1.636198,-0.009301952,0.1364162,2.213766,0.00186473,1.107708,2.033224,0.1446856,1.267222,2.034995,0.1795152,1.030274,2.057824,-0.211392,1.051434,1.996582,1,7
201711292200541558,29.86735,63.48463,-1.005873,21.96177,-25.78859,-196.6849,-1.891745,14.30039,-7.402932,-41.72211,2.821213,11.4663,4.113441,44.06736,8.580771,3.475036,41.48118,83.16051,-13.92229,44.31134,68.74065,202.9149,-2.668509,68.94739,1.843443,21.6045,-0.00694241,1.842808,5.449601,193.2895,-16.54095,17.33788,25.98398,106.435,-3.438706,25.8623,24.33401,-50.83595,7.776025,25.39843,0.07034221,0.8223053,1.953456,-0.05769389,0.8174174,1.953456,0.07346412,0.4974829,1.732327,-0.05797846,0.4540201,2.103392,0.0899839,0.2114302,1.575774,-0.01557851,0.156933,2.213486,-0.001696739,1.102667,2.002361,0.1418792,1.26199,2.00328,0.1766154,1.026207,2.026471,-0.2148388,1.048932,1.962818,1,1
201711292200541988,31.57396,64.9541,-0.6213026,22.76267,-28.36276,-135.2302,-2.470668,15.76745,-5.747205,-29.12766,2.632115,9.155814,2.144904,49.95729,9.368526,5.06822,37.57857,80.09435,-13.50878,40.28434,77.93174,208.5991,-0.2328722,77.99474,1.853105,16.96452,0.007465304,1.852512,5.872501,184.4104,-16.4017,17.03628,25.90812,105.583,-2.80031,25.678,24.56662,-48.75093,7.920692,25.64585,0.05132441,0.8167976,1.916882,-0.0766458,0.8122969,1.916882,0.05576931,0.4905048,1.686661,-0.0811246,0.4672937,2.076557,0.07211786,0.2051247,1.516602,-0.03943605,0.1777329,2.209824,-0.02010581,1.097822,1.965759,0.1248076,1.257069,1.967773,0.1591796,1.020889,1.990789,-0.2318632,1.045314,1.922043,1,1
201711292200542138,30.69587,58.08971,-0.585357,22.64628,-28.35929,-78.66445,-2.61375,16.91862,-5.017836,-18.99717,1.489911,7.961527,-0.4333515,48.37549,9.770792,6.991965,40.05412,66.47076,-11.14873,42.36178,84.39666,205.5999,-1.728457,84.4227,1.853908,13.75151,-0.009146922,1.853757,5.190476,169.4486,-15.72346,16.19942,25.18023,104.1473,-2.783132,24.9806,24.32861,-49.08355,6.97472,25.20696,0.0676276,0.8131776,1.89743,-0.06013768,0.8088441,1.89743,0.07098761,0.4855888,1.674687,-0.06665731,0.4767843,2.051184,0.0801681,0.1954813,1.507251,-0.02540296,0.1929729,2.195058,-0.002285393,1.095033,1.947092,0.1437279,1.254279,1.94641,0.1782727,1.017256,1.968135,-0.2107424,1.040314,1.905677,1,1
201711292200542494,31.13997,55.29045,-0.06087658,22.8115,-29.2653,-34.66538,-3.357158,17.64128,-4.840158,-5.644148,0.2928947,7.373057,-3.623714,52.61531,10.59705,9.712769,37.62132,57.85739,-9.145705,39.68614,91.92934,208.0223,0.6556607,91.84061,1.855281,8.515668,0.001137734,1.855124,4.939452,157.2949,-15.03888,15.33491,24.76879,101.3387,-1.643813,24.48058,23.31675,-47.3411,6.344704,24.08191,0.05673486,0.8098784,1.862838,-0.07094096,0.8058354,1.862838,0.06193403,0.4804107,1.638349,-0.08288942,0.4858674,2.017174,0.06602553,0.1832591,1.46949,-0.04332113,0.210096,2.180448,-0.01209528,1.092509,1.913113,0.1352523,1.251649,1.91265,0.1689838,1.014738,1.933599,-0.2173021,1.035119,1.869391,1,1
201711292200542843,30.36922,51.53619,0.3556653,21.8796,-29.69356,2.510738,-4.551672,18.23985,-4.242444,7.183626,-0.6756569,6.377149,-7.222477,58.88947,11.95926,13.08732,35.26116,48.79672,-7.390009,37.08073,99.02561,209.6703,2.675101,98.83371,1.858782,3.268834,0.00143872,1.858568,4.38486,144.2293,-14.14081,14.26799,23.54325,97.9554,-0.5298964,23.19985,22.01827,-46.54858,5.827655,22.70124,0.05012831,0.8079426,1.824145,-0.07759895,0.8039937,1.824145,0.05607021,0.4739939,1.604999,-0.09787226,0.4945905,1.975661,0.05538305,0.1701053,1.438662,-0.0599012,0.2267212,2.156942,-0.01725298,1.091379,1.875749,0.1311337,1.250434,1.875348,0.1639036,1.013805,1.895912,-0.2188027,1.029969,1.831061,1,1
201711292200543254,29.27988,47.35109,0.8744488,20.72011,-28.741,39.52696,-4.612297,17.27441,-3.869966,21.95983,-1.801295,5.682011,-12.96039,62.36057,11.86257,17.94036,31.82174,37.71478,-5.330602,33.39589,106.7928,211.3126,5.262098,106.5135,1.853681,-1.95617,0.01565313,1.853568,3.585912,132.7163,-13.30181,13.30298,23.26619,95.88266,0.6961341,22.87065,20.88471,-48.81438,5.794769,21.59278,0.03498582,0.8069921,1.783843,-0.09297181,0.8029462,1.783843,0.04247082,0.4695527,1.573508,-0.1152583,0.500862,1.925457,0.03682369,0.1590804,1.413654,-0.08060437,0.244091,2.128231,-0.03133132,1.091029,1.836268,0.1180157,1.250275,1.835754,0.1499276,1.013972,1.856045,-0.2291494,1.025298,1.791772,0,2
201711292200543479,26.04303,42.31565,0.8995194,18.15286,-25.48124,35.52873,-3.884729,14.92475,-3.319981,29.92029,-2.312653,4.854749,-19.41346,21.78599,10.12821,23.44045,37.49483,25.49084,-0.3990626,38.85189,111.9352,209.4745,7.721913,111.6472,1.85872,-4.194471,0.04076591,1.859422,2.415166,124.6351,-12.53746,12.57266,23.2872,95.76491,0.9446889,22.86519,19.74608,-53.07063,5.856411,20.52077,0.01880648,0.8084631,1.75401,-0.1095767,0.8041176,1.75401,0.02579949,0.4668438,1.564785,-0.1283594,0.5036212,1.872707,0.01708569,0.1525123,1.420399,-0.0996193,0.2555683,2.087317,-0.04753036,1.092536,1.808047,0.1015578,1.251815,1.80739,0.1337792,1.015398,1.8279,-0.2420981,1.022941,1.766513,2,2
201711292200543955,23.4501,42.88354,0.6272661,15.56032,-22.13498,41.08665,-3.48294,11.98697,-1.905328,41.22825,-2.481378,2.970287,-27.57136,59.55632,9.233352,30.67615,34.13961,14.98985,0.8171224,35.25803,119.397,211.1793,8.621016,119.0762,1.855492,-7.7294,0.04697593,1.856103,1.211299,118.2991,-11.81739,11.89,23.34254,94.0239,1.470061,22.85164,19.16321,-58.61226,6.048096,20.00594,0.01102463,0.809373,1.708428,-0.1176414,0.8050784,1.708428,0.01526428,0.4635544,1.538081,-0.1349569,0.5089167,1.803041,0.003444404,0.1431904,1.402777,-0.1103356,0.2722861,2.038278,-0.05494349,1.093726,1.763542,0.0941211,1.253522,1.762215,0.1267392,1.017016,1.781932,-0.2461195,1.020142,1.726431,2,2
201711292200544186,19.91576,42.19711,-0.0568772,13.18862,-17.66202,41.74321,-3.378426,10.30341,-2.206302,53.75807,-1.910573,2.990799,-32.86914,86.21541,8.447194,35.28946,33.75669,-6.079409,1.022343,34.65462,121.4361,207.7335,8.404226,121.1313,1.85393,-7.990244,0.06017228,1.854841,-0.1350276,115.4957,-11.33213,11.62287,23.38343,92.30141,1.385749,22.89294,19.36158,-65.45652,6.246563,20.24919,0.003383059,0.8118118,1.683981,-0.1257785,0.8081366,1.683981,0.003390553,0.463568,1.536275,-0.1424641,0.5112645,1.750013,-0.008496914,0.1413489,1.422437,-0.1211355,0.2768473,1.985983,-0.06321095,1.096555,1.740387,0.0852045,1.256765,1.737529,0.119122,1.019413,1.756123,-0.2521144,1.020133,1.70941,2,2
201711292200544648,16.64598,43.55214,-0.4854814,10.45819,-13.79328,46.83016,-3.271296,8.473111,-1.713863,84.56018,-1.711099,2.114763,-38.56778,115.724,7.728348,40.21927,32.14827,-40.51874,1.814588,32.81623,125.3583,207.3995,8.332435,125.0506,1.85393,-10.54576,0.07408898,1.855034,-1.645567,111.013,-10.77121,11.32,23.09075,88.58326,1.041625,22.62407,19.95074,-73.67262,6.660621,20.91913,-0.003810016,0.8133008,1.642024,-0.133614,0.811059,1.642024,-0.007348922,0.4617584,1.517183,-0.1504125,0.5167108,1.681785,-0.02088741,0.1354284,1.421112,-0.1330044,0.2849743,1.924004,-0.07034831,1.099217,1.699443,0.07813513,1.259409,1.694186,0.1139308,1.022539,1.709731,-0.255607,1.020367,1.674811,2,2
201711292200544838,13.48228,41.84393,-0.8076998,8.447094,-9.107748,44.88703,-3.318572,8.539442,-2.420793,102.1532,-1.48858,2.630564,-41.29604,133.3348,7.402645,42.52681,32.93104,-66.41254,1.523543,33.43223,124.1605,203.1098,7.57432,123.8775,1.855002,-10.29963,0.08085663,1.856288,-2.989046,110.4305,-10.58572,11.49079,22.33481,83.46127,0.2728573,21.97877,20.89204,-81.25316,7.017168,21.91265,-0.006836051,0.8156897,1.623625,-0.1371375,0.8148692,1.623625,-0.01259365,0.4616112,1.519338,-0.1545078,0.5192804,1.63607,-0.02653322,0.1353664,1.44519,-0.1386723,0.2824856,1.867159,-0.07356385,1.102687,1.681059,0.07471977,1.262241,1.673065,0.1126476,1.025777,1.684043,-0.2567673,1.023921,1.662466,2,2
201711292200545360,9.920244,44.45144,-1.063382,5.902677,-3.149862,48.29278,-3.291397,9.256668,-2.008636,127.0202,-1.821566,1.907199,-46.19439,159.9204,6.881832,46.76164,32.19573,-97.41735,2.662388,32.45959,125.1438,201.0264,7.591436,124.8591,1.865294,-12.32258,0.09892876,1.867044,-4.495458,106.8544,-10.31774,11.50487,21.59799,77.30957,-0.4309009,21.35519,21.98733,-90.03191,7.57749,23.10192,-0.02073631,0.8177631,1.583223,-0.151663,0.8186343,1.583223,-0.02880039,0.4592243,1.504958,-0.1694408,0.5264151,1.558854,-0.04637395,0.1302571,1.451862,-0.1564503,0.2852976,1.782762,-0.08761802,1.106447,1.64027,0.06083091,1.265053,1.628792,0.1018016,1.029687,1.634287,-0.2674757,1.027779,1.627847,2,2
201711292200545631,6.426245,55.50427,-1.196754,4.689564,2.585618,45.83461,-3.200804,11.11763,-1.583697,123.7188,-2.35645,1.559003,-47.62356,98.76557,6.613314,47.85037,32.20303,-113.1157,2.730819,32.29064,121.6749,195.7929,6.451399,121.4157,1.866246,-12.25537,0.104763,1.868155,-5.567087,105.5315,-10.25048,11.69228,20.86083,71.38634,-1.579885,20.86301,23.14927,-96.26199,7.879841,24.28775,-0.02477203,0.8198004,1.560851,-0.1560466,0.8223321,1.560851,-0.03386239,0.4587135,1.506053,-0.173511,0.5313645,1.50383,-0.05521207,0.130032,1.47093,-0.1608285,0.2800982,1.704831,-0.0917417,1.110073,1.617301,0.05652354,1.267768,1.602805,0.1006509,1.032931,1.601707,-0.2698379,1.032383,1.609926,2,2
201711292200545901,3.333249,80.69067,-1.107095,3.938654,7.379941,42.64499,-3.015857,12.78356,0.1566176,92.03519,-3.586388,1.86757,-46.46999,48.91531,6.077471,46.42691,32.88307,-112.9741,1.498302,32.75901,116.4392,188.8955,6.500901,116.2021,1.885396,-12.66063,0.1152573,1.887757,-6.439055,103.9272,-10.30735,11.95301,20.71597,66.58453,-2.767469,20.96844,24.35326,-101.8097,8.276914,25.53849,-0.02950997,0.8214231,1.541491,-0.1610086,0.825215,1.541491,-0.03818145,0.4591794,1.507862,-0.1776999,0.5343854,1.458452,-0.06615533,0.1310395,1.481018,-0.1663278,0.2716676,1.628301,-0.09647027,1.113002,1.596698,0.0514311,1.270417,1.579869,0.09876715,1.036541,1.572665,-0.2735899,1.036504,1.593079,2,2
201711292200546210,0.1350325,104.5694,-0.9337389,3.793084,11.55417,39.18356,-2.761593,14.22302,1.245254,69.60526,-4.358029,1.755871,-43.7202,30.68089,5.565205,43.46036,37.63038,-120.8624,-1.905687,37.28874,110.2213,158.9034,5.190996,110.0164,1.893858,-13.59507,0.114216,1.896125,-7.158129,100.7263,-10.38047,12.1774,20.20694,61.73707,-4.076723,20.816,25.04457,-105.7309,8.463213,26.23805,-0.02669706,0.8223758,1.521271,-0.1584533,0.8270468,1.521271,-0.03465946,0.4588341,1.509466,-0.1742537,0.5343072,1.414998,-0.06625858,0.1312601,1.495362,-0.1639593,0.2611569,1.547819,-0.09330853,1.115328,1.575326,0.05448397,1.272396,1.555593,0.1046669,1.039822,1.541665,-0.2695498,1.040425,1.575495,2,2
201711292200546516,-3.02374,126.5378,-0.7200676,4.009814,14.90432,36.37857,-2.481717,15.15651,2.07475,51.48013,-5.19226,1.827687,-38.63438,20.60677,4.990326,38.27365,45.73386,-133.4906,1.208493,45.35888,102.4514,126.262,6.105503,102.2632,1.906516,-14.47961,0.1227447,1.909157,-7.731553,97.65365,-10.52867,12.41669,21.12613,57.89425,-5.013518,21.87902,25.46534,-108.7325,8.660153,26.68333,-0.03264461,0.8228146,1.499191,-0.1645554,0.8283111,1.499191,-0.03944506,0.4601121,1.508678,-0.1791361,0.5334197,1.374862,-0.07458067,0.1334707,1.508554,-0.1701044,0.2526795,1.461744,-0.09921771,1.116857,1.552094,0.04861136,1.27462,1.531473,0.1014288,1.043656,1.512135,-0.2747185,1.044207,1.554688,2,2
201711292200546981,-7.229078,151.2092,-0.5177514,4.20755,19.39195,35.4418,-2.265878,16.28898,2.78204,38.7738,-6.120153,1.542647,-33.23463,9.098362,4.523992,33.14399,44.43185,-152.9123,2.512955,43.91042,93.78703,91.53373,5.682402,93.62109,1.923113,-15.70419,0.1244178,1.925688,-8.184685,90.77365,-10.4805,12.33769,21.75478,53.09736,-6.472047,22.82244,25.06927,-110.7406,8.656767,26.29547,-0.0325055,0.8223833,1.465592,-0.1647493,0.8283256,1.465592,-0.03854878,0.462,1.503535,-0.1789526,0.5263261,1.312893,-0.07793625,0.1361942,1.524979,-0.1712526,0.2398209,1.344228,-0.09875149,1.117861,1.51759,0.04869145,1.276809,1.494757,0.1049964,1.04897,1.468427,-0.2733794,1.046364,1.522588,2,2
201711292200547182,-9.521194,163.8883,-0.1998392,5.287736,20.81037,30.71104,-2.055482,16.75022,2.32415,25.80877,-6.638064,2.191857,-26.21672,3.01209,4.079055,28.21856,43.48994,-159.9162,3.028945,42.96346,85.30952,67.34435,6.502683,85.16719,1.934413,-15.86313,0.1204543,1.936868,-8.23482,88.51576,-10.5122,12.37071,22.26743,50.80507,-7.490017,23.57012,24.78492,-110.4045,8.387888,25.94399,-0.02789324,0.8209948,1.451332,-0.1603253,0.8260834,1.451332,-0.03213821,0.4665656,1.502202,-0.1737597,0.5187009,1.292096,-0.07248846,0.1438133,1.538011,-0.1671759,0.2305203,1.278734,-0.09390958,1.116721,1.502766,0.05322927,1.276924,1.480005,0.1111715,1.051999,1.449515,-0.2689783,1.046107,1.507827,2,2
201711292200547620,-13.49497,105.5916,-0.003218442,6.594737,23.94467,29.89844,-1.957418,17.66716,2.571759,14.89155,-7.489088,2.442522,-20.51061,-5.686503,3.639307,23.51432,42.66964,-174.0097,4.045885,42.05763,77.03054,38.9803,8.131886,76.90346,1.958786,-15.05075,0.1321303,1.961786,-8.411325,85.95827,-10.35642,12.17732,23.08168,47.50972,-8.753834,24.65236,24.17827,-110.9624,8.060748,25.2727,-0.0315523,0.8192391,1.421757,-0.1644448,0.8231997,1.421757,-0.03436681,0.4704364,1.497099,-0.1772446,0.5151981,1.245665,-0.0777374,0.1504002,1.553932,-0.1719346,0.2239954,1.183713,-0.09806283,1.115236,1.472823,0.04862545,1.276357,1.449846,0.1094135,1.055073,1.414129,-0.2722951,1.044659,1.478052,2,3
201711292200547820,-15.33181,53.22669,0.09545283,8.031847,25.23525,27.76372,-2.031053,18.69497,1.571225,6.901525,-7.744753,3.265854,-17.07353,-9.501413,3.38765,19.72052,41.9992,-177.7266,4.177006,41.39658,71.99393,23.20004,8.758945,71.88694,1.969282,-12.44219,0.1282901,1.972169,-7.911478,87.4357,-10.23862,11.88916,23.31326,46.10288,-9.482293,25.07482,23.54271,-107.3407,7.186464,24.45487,-0.02615255,0.8167185,1.406588,-0.1593235,0.8194926,1.406588,-0.02767932,0.4750699,1.490489,-0.1719239,0.5122755,1.225754,-0.07082754,0.1591159,1.561136,-0.1674392,0.2179932,1.140018,-0.09328856,1.112349,1.457654,0.05273496,1.274011,1.435437,0.1145656,1.054647,1.396829,-0.2678293,1.040912,1.461027,4,4
201711292200548257,-18.87331,5.274616,0.2751531,9.76186,28.0827,27.2384,-2.102298,20.04709,1.05336,-0.8679705,-8.27569,3.764985,-14.5765,-15.9255,2.868294,16.75473,41.26115,-188.1146,4.500387,40.5774,66.8359,1.226838,8.302098,66.75112,1.990728,-10.43765,0.1242753,1.993422,-7.719087,85.85703,-9.943199,11.47221,23.99476,44.17603,-10.60832,26.01348,22.54332,-104.462,6.200734,23.27067,-0.0191094,0.8132628,1.377606,-0.152719,0.8153126,1.377606,-0.01903281,0.4796126,1.481136,-0.1651585,0.5107679,1.182367,-0.06300223,0.1679535,1.573267,-0.1629636,0.2111306,1.067972,-0.08681546,1.109064,1.428926,0.05810254,1.271056,1.405773,0.1218177,1.054503,1.363697,-0.2610286,1.036197,1.432077,4,4
201711292200548482,-20.77538,-33.54498,0.4027326,11.46792,29.07064,26.16625,-2.336678,20.94015,-0.2134604,-6.170335,-8.415579,4.709966,-13.49439,-19.24384,2.792655,15.30644,52.72351,-193.4457,5.495187,52.06364,64.39751,-10.02242,8.396333,64.329,2.003924,-7.91997,0.1167957,2.006348,-7.288359,87.25269,-9.849567,11.23998,23.39785,42.7621,-11.05198,25.59429,21.67084,-100.6278,5.452149,22.25471,-0.01087867,0.8096399,1.357776,-0.1448659,0.8112465,1.357776,-0.009302153,0.4839748,1.469135,-0.1577974,0.508657,1.159216,-0.05200611,0.1773861,1.576184,-0.1562145,0.204736,1.035503,-0.07933035,1.105297,1.409657,0.06467542,1.267214,1.386815,0.1288118,1.050258,1.34235,-0.254491,1.029518,1.411009,4,4
201711292200549003,-24.7285,-76.48796,0.5470994,13.75805,31.32069,26.50952,-2.551248,21.82823,-1.526348,-12.89844,-8.911392,5.769663,-12.02832,-27.14949,2.622724,13.47926,65.11378,-206.0626,6.711947,64.38773,60.63722,-29.26299,8.360096,60.58609,2.036582,-5.714619,0.1240816,2.039288,-7.240702,86.00671,-9.69831,11.02552,23.05171,40.15918,-11.68884,25.4151,21.48814,-99.78167,5.054408,21.98433,-0.009154142,0.8050433,1.321336,-0.1435301,0.806195,1.321336,-0.005745613,0.4893341,1.452449,-0.1566181,0.5052943,1.111157,-0.04844966,0.1897637,1.585842,-0.1555521,0.1950345,0.9676258,-0.0787856,1.100626,1.374491,0.06423143,1.2622,1.351774,0.1297253,1.04482,1.303995,-0.2542387,1.022709,1.376053,4,4
201711292200549324,-26.71856,-107.9135,0.6935527,15.81779,31.75975,25.16358,-2.586099,22.36389,-3.403321,-16.97092,-9.05174,7.243791,-12.22574,-31.27244,2.6199,13.36345,75.82732,-209.9147,7.612916,75.12862,59.82042,-35.54436,8.421592,59.77731,2.040937,-3.833807,0.134097,2.044297,-6.932854,86.58189,-9.67901,10.92236,22.29805,40.26003,-11.83943,24.74901,20.78605,-97.14365,4.856256,21.25767,-0.01243189,0.8005484,1.295652,-0.1468252,0.8019609,1.295652,-0.007318097,0.4935687,1.433078,-0.1591025,0.5024645,1.084335,-0.04823225,0.2012368,1.58336,-0.1568687,0.1880045,0.9412699,-0.08311415,1.096347,1.350384,0.05785006,1.257683,1.32776,0.124565,1.03769,1.280552,-0.2592522,1.019586,1.349823,4,4
201711292200549695,-28.61338,-138.7562,0.9521892,17.55587,31.78348,23.7376,-2.736721,22.29723,-6.365604,-20.89912,-9.014006,9.647538,-11.99255,-37.04183,2.795846,12.89856,86.81939,-214.9007,6.390522,86.10459,58.94303,-42.00346,6.371557,58.92299,2.059284,-2.285294,0.1329918,2.062606,-6.639203,84.48525,-9.680366,10.83214,20.59746,38.73965,-11.80213,23.14895,20.57,-94.42736,4.795152,21.03618,-0.0112226,0.7970771,1.26484,-0.1457798,0.7986864,1.26484,-0.004148578,0.4975059,1.407714,-0.1583304,0.4993754,1.054082,-0.04197812,0.2144692,1.579234,-0.1549232,0.1805696,0.9106408,-0.08253938,1.092852,1.3218,0.05552914,1.254225,1.299071,0.123984,1.028348,1.251101,-0.2595866,1.017589,1.320658,4,4
201711292200549986,-28.29511,-155.8394,1.342992,18.07838,30.16557,21.38513,-2.610156,21.39125,-10.2588,-23.88846,-8.925077,13.03179,-12.2398,-40.85271,2.949516,12.98145,95.15191,-214.3243,5.395918,94.48183,59.97728,-38.49232,4.977086,59.96889,2.076716,-1.289263,0.1360586,2.080272,-6.130065,82.79371,-9.810173,10.82801,19.54946,39.85629,-11.24776,21.96895,19.68402,-89.72262,4.781838,20.18388,-0.0136505,0.7972302,1.241333,-0.1483274,0.7987738,1.241332,-0.004043539,0.5004882,1.377211,-0.1598136,0.4983833,1.039844,-0.03824018,0.2263547,1.562167,-0.154232,0.1774505,0.9074717,-0.08546592,1.091645,1.300481,0.05107951,1.25393,1.279344,0.1200757,1.02133,1.234747,-0.2630442,1.019225,1.298362,4,4
201711292200550286,-26.10436,-141.8238,1.188007,16.22836,28.94162,18.4571,-2.373883,20.46279,-17.29046,-59.80792,-7.341808,19.44118,-12.52612,-49.16138,3.038013,13.09378,104.4581,-216.8018,2.200321,103.824,60.81366,-34.44241,1.922415,60.83562,2.089259,-0.5562491,0.1274551,2.0925,-5.793353,79.64407,-9.77635,10.70944,18.35984,40.34832,-10.71434,20.64979,19.77531,-85.93669,4.371803,20.17678,-0.007076515,0.798105,1.213623,-0.1421029,0.7997712,1.213623,0.001382144,0.5013141,1.332688,-0.1525766,0.4979746,1.019402,-0.02537307,0.2394428,1.537534,-0.1451485,0.1743431,0.8963223,-0.07864837,1.090972,1.274621,0.05639488,1.254393,1.253958,0.1251185,1.016458,1.212401,-0.2570512,1.021552,1.273047,5,4
201711292200550638,-23.82797,-141.0657,1.449749,14.4596,27.34506,15.74805,-2.107016,19.23335,-23.665,-79.45101,-6.507536,25.27107,-12.77747,-61.85907,3.120074,13.19881,112.6095,-218.3817,1.034584,112.0128,62.07961,-24.79326,1.071051,62.10869,2.116249,0.1079075,0.1247783,2.119409,-5.515412,77.7621,-10.16111,11.00755,17.7337,42.88561,-10.07237,19.81643,19.95525,-84.93751,5.145346,20.5876,-0.003652035,0.7999263,1.185301,-0.1388577,0.8014943,1.185301,0.006196906,0.5028036,1.287861,-0.1480573,0.4976789,1.00107,-0.01467847,0.251664,1.50932,-0.138585,0.1719009,0.8897295,-0.07508361,1.090658,1.247425,0.05803394,1.255471,1.22757,0.1261029,1.013171,1.191697,-0.2554061,1.024226,1.245228,5,5
201711292200550929,-20.2554,-127.8513,1.712464,12.23359,24.81197,12.14718,-1.610837,17.34621,-29.45172,-103.4849,-5.426983,30.60946,-12.72704,-74.14264,2.938123,13.00648,117.8381,-217.5047,-1.51571,117.2996,63.94415,-9.648956,-0.8565502,63.98842,2.147586,0.4112718,0.1081283,2.150221,-4.595263,72.97095,-10.376,11.02081,17.32195,46.18056,-9.651688,19.28029,19.0101,-81.27156,6.016187,20.05666,0.005442964,0.8031642,1.161931,-0.1297536,0.8045922,1.161931,0.01626361,0.5043431,1.240728,-0.1367782,0.498218,0.9924642,0.001700269,0.2592746,1.469511,-0.1260584,0.1715893,0.8956819,-0.06520711,1.091164,1.225187,0.0663211,1.256775,1.206666,0.1331579,1.012074,1.176087,-0.2488384,1.023918,1.220559,5,5
201711292200551270,-16.64334,-118.9569,2.177928,10.74716,22.42852,7.703587,-0.9747385,15.39433,-34.87547,-126.6488,-4.362762,35.58835,-12.53987,-93.30702,2.604966,12.64569,122.9385,-144.1494,-3.468071,122.4431,65.65089,9.4606,-1.814573,65.70335,2.209729,0.3784488,0.09518667,2.211912,-3.939119,68.41096,-10.62653,11.10429,16.98513,49.71724,-9.225471,18.80413,19.15011,-79.74067,6.971334,20.5202,0.01697139,0.8072659,1.133541,-0.1183424,0.8084378,1.133541,0.02968571,0.5074177,1.188864,-0.122642,0.499237,0.9789641,0.02221291,0.2664216,1.423953,-0.1109146,0.1713763,0.8960693,-0.05267916,1.091586,1.197197,0.07685421,1.258548,1.181311,0.1421433,1.011189,1.156176,-0.239969,1.024353,1.192387,5,5
201711292200551681,-12.10261,-109.1896,2.440309,10.23942,19.96261,1.341004,-0.06656379,13.49168,-40.362,-149.2635,-2.633317,40.67084,-12.422,-113.9414,2.01292,12.3432,127.0503,-76.33458,-4.677582,126.5882,67.60001,31.69712,-1.395634,67.65047,2.278557,-0.7663087,0.09233543,2.280526,-3.095242,61.74025,-10.93947,11.23802,16.68158,53.02039,-8.690222,18.33309,18.86475,-78.02361,8.079773,20.6964,0.0279935,0.8116505,1.105988,-0.1070603,0.8125882,1.105988,0.04085386,0.5109673,1.133023,-0.1075661,0.5005157,0.9674644,0.04226051,0.2720913,1.370581,-0.09530442,0.1718646,0.9000005,-0.04003481,1.09167,1.169315,0.08806115,1.260779,1.157056,0.1507781,1.011223,1.136778,-0.2317016,1.02562,1.163499,5,5
201711292200551972,-7.076111,-96.86819,2.066159,10.69151,17.44472,-6.800231,0.9954394,11.94649,-44.3704,-165.234,0.2069836,44.55672,-12.73154,-129.7083,1.372298,12.54117,128.0537,-20.42048,-6.421556,127.6295,70.21156,55.25928,-1.004822,70.25681,2.32789,-3.521008,0.08980271,2.329511,-2.36275,54.30156,-11.06867,11.23707,16.95549,57.77283,-8.343688,18.48445,19.35399,-76.78776,8.831478,21.39561,0.03899612,0.8155891,1.08598,-0.09561721,0.8163071,1.08598,0.04756439,0.5140086,1.083676,-0.09215075,0.5019183,0.9636598,0.05936434,0.2737055,1.314837,-0.07966004,0.174136,0.9141127,-0.0267028,1.091591,1.148155,0.1002851,1.26289,1.139294,0.16022,1.012458,1.123949,-0.2225946,1.028235,1.142105,0,5
201711292200552253,-2.787385,-85.04459,1.547056,10.925,14.5792,-13.73287,1.959078,10.1097,-47.08755,-179.232,3.229419,47.28833,-12.82216,-143.4994,0.9065537,12.53125,128.1668,28.11028,-8.837642,127.7901,72.67438,75.96276,-1.326593,72.71894,2.462918,-5.00501,0.08386041,2.464001,-0.8320726,45.54408,-11.43314,11.57032,16.82517,59.70023,-8.129068,18.30565,18.42609,-71.7787,9.692133,20.96198,0.05064475,0.819377,1.065739,-0.08353705,0.819765,1.065739,0.05422656,0.5172248,1.03666,-0.07655384,0.5023493,0.9596803,0.07712968,0.2731398,1.257097,-0.06326061,0.1754269,0.9269094,-0.01282293,1.09135,1.128409,0.1137212,1.264834,1.123406,0.170605,1.013924,1.109912,-0.2131696,1.03077,1.118481,0,5
201711292200552611,2.053442,-75.15653,0.4108795,12.12349,12.49948,-24.28242,2.814265,8.839457,-48.6247,-192.5845,6.381131,49.00949,-12.86404,-154.714,0.3415585,12.48166,127.3359,71.61212,-10.41862,126.9984,75.19428,95.5249,-1.315239,75.23417,2.27016,-13.16675,0.1319439,2.279193,0.1706434,32.18922,-11.9716,12.01327,18.77885,69.55759,-9.387794,20.58628,18.53186,-71.09135,10.6188,21.42343,0.06704213,0.8224692,1.044121,-0.06711666,0.822202,1.044121,0.0635581,0.5197898,0.9909918,-0.05559399,0.4990651,0.955127,0.09660201,0.2702428,1.196829,-0.04124553,0.1734161,0.9399123,0.004440563,1.088759,1.102298,0.1313547,1.267693,1.101043,0.1864068,1.015762,1.09381,-0.1994495,1.033036,1.092502,0,5
201711292200552909,5.525576,-63.51876,-0.6974393,12.58662,9.919623,-33.49598,3.738253,7.531594,-47.73511,-200.3965,9.14251,48.53419,-12.90999,-159.4762,0.1239998,12.47705,124.3159,104.9063,-12.62225,124.0624,77.78836,111.3932,-2.740297,77.83488,2.40833,-16.8459,0.06829278,2.417102,2.275749,21.69674,-12.61882,12.96408,19.74608,75.55242,-10.37409,21.89195,17.37362,-66.53765,11.68504,21.01814,0.08284877,0.82384,1.026173,-0.05177476,0.8229193,1.026173,0.07174071,0.5203311,0.954397,-0.03593593,0.4926172,0.95316,0.1125178,0.2625796,1.137406,-0.01899537,0.1689697,0.9544427,0.02152579,1.086275,1.082763,0.1491724,1.270041,1.084447,0.2020539,1.018201,1.080006,-0.1868166,1.031948,1.06711,0,0
201711292200553300,9.06585,-53.06723,-1.948886,13.24685,7.326674,-46.89056,4.697706,6.278476,-44.58022,-198.5195,12.66251,46.78381,-12.51985,-161.2967,-0.2830788,12.02833,119.4342,126.8215,-15.21645,119.3174,80.20959,126.8351,-3.59864,80.25628,2.498128,-31.79442,0.02425509,2.506145,3.80328,1.500606,-13.29918,13.73456,21.34735,84.2597,-11.61992,23.86399,17.94463,-64.61043,12.6845,21.91867,0.09703063,0.8237893,1.005822,-0.03841884,0.8225881,1.005822,0.07819666,0.5194492,0.9169431,-0.01734145,0.4861898,0.9513936,0.1295983,0.260506,1.065396,0.002030094,0.1643839,0.9688969,0.03612352,1.082007,1.059124,0.1641124,1.270802,1.062831,0.2159619,1.020813,1.06401,-0.1756959,1.031042,1.040563,0,0
201711292200553621,11.85174,-43.10668,-3.040853,13.80879,4.939929,-60.27473,5.568999,5.458186,-38.98038,-185.5044,15.70264,43.6885,-12.16441,-157.7392,-0.7201949,11.65912,111.4681,132.0115,-12.26117,111.3,82.4669,139.6069,-4.246405,82.5116,2.570154,-44.71019,-0.01184295,2.577324,5.355288,-15.19922,-14.16154,14.79126,22.50475,90.48202,-12.68041,25.37822,18.56453,-62.64117,13.74191,22.91406,0.1079833,0.8223381,0.9900883,-0.02837066,0.8210726,0.9900883,0.08266,0.517019,0.8887007,-0.002454649,0.4811864,0.9520983,0.14472,0.2495817,0.9933956,0.01880667,0.1615667,0.9836293,0.04717276,1.077527,1.040597,0.1762407,1.270865,1.046336,0.2272144,1.023553,1.050902,-0.1673304,1.031646,1.018924,0,0
201711292200554212,16.1128,-30.06633,-4.546476,14.3721,1.327846,-80.51606,7.048864,4.070326,-29.36846,-174.8608,22.05288,43.46534,-11.70133,-158.269,-1.579741,11.13098,101.8992,148.3124,-2.004491,101.6494,85.71969,159.8611,-4.846854,85.7581,2.706135,-69.84383,-0.04490742,2.712252,9.250582,-50.50588,-15.68449,17.22672,23.54935,97.86816,-13.51073,26.68183,18.04813,-56.93371,16.12838,23.7308,0.1196061,0.8190055,0.9575872,-0.01796177,0.8172885,0.9575872,0.08549536,0.5126094,0.8355098,0.01586748,0.4777703,0.9460735,0.1721448,0.2453107,0.8658783,0.04026335,0.1607193,1.000876,0.0585884,1.068711,1.003953,0.1875964,1.269128,1.013244,0.2380794,1.026043,1.023925,-0.1625655,1.028504,0.9703217,0,0
201711292200554938,19.05419,-14.6155,-6.097034,14.30453,-2.437371,-103.6513,9.108627,3.863026,-15.53515,-158.9012,29.72169,44.36572,-11.76392,-151.289,-3.379018,11.43248,90.65925,155.0328,24.78834,90.41013,89.73083,180.5976,-6.497063,89.77887,2.865344,-94.43895,-0.07344478,2.870077,13.24647,-84.26689,-16.86653,19.6372,23.68855,101.4083,-14.03056,27.08528,18.20493,-50.51207,17.83933,24.64991,0.126115,0.8123749,0.9260086,-0.01341006,0.8098973,0.9260086,0.08331209,0.5039892,0.7929167,0.03153723,0.4735642,0.9402176,0.1984981,0.242819,0.7372594,0.05683071,0.1610205,1.020405,0.06422371,1.057204,0.9683278,0.1939041,1.263645,0.9804913,0.2451269,1.027272,0.9943731,-0.1620864,1.021652,0.923492,0,0
201711292200555624,19.94875,2.842437,-7.686502,13.90924,-4.577004,-116.613,11.15197,4.781038,-3.368373,-140.86,34.69815,43.07132,-13.6868,-142.5395,-5.387077,13.73717,80.80343,147.8651,47.43299,80.18441,94.06982,195.5924,-8.183644,94.12589,3.015089,-116.85,-0.08871377,3.018349,16.36503,-110.3335,-17.63073,21.59278,23.03226,100.9658,-14.06713,26.59898,18.54427,-45.37037,18.71946,25.30761,0.1246155,0.8036742,0.8990699,-0.01711571,0.80067,0.8990699,0.07366516,0.4932885,0.7673974,0.03920862,0.469397,0.9265535,0.2049044,0.2309234,0.6471053,0.06439821,0.1633033,1.030126,0.0610398,1.04572,0.9385036,0.1934443,1.255635,0.9527255,0.2455226,1.027521,0.9666057,-0.1668368,1.012783,0.8858461,0,0
201711292200556216,19.48453,13.39377,-8.325689,13.03728,-7.615934,-135.1785,13.08725,6.853051,4.894146,-125.6706,38.20707,41.20873,-13.77756,-122.8904,-7.410867,14.60348,74.77265,135.5819,64.78075,73.27586,97.4736,203.9288,-7.529156,97.5158,3.155303,-127.2347,-0.07644208,3.157139,17.77445,-121.7635,-17.94642,22.50549,22.35364,98.29124,-13.77792,25.93798,19.91849,-43.41374,18.95947,26.51498,0.1152458,0.7939139,0.8743967,-0.02854336,0.7905396,0.8743967,0.06135866,0.4816439,0.7509059,0.03760266,0.4667552,0.9183033,0.2069153,0.2160218,0.5962891,0.06161074,0.1664099,1.03777,0.05021598,1.034758,0.9120958,0.1867192,1.246419,0.9286826,0.2397902,1.024894,0.9406917,-0.1747752,1.003858,0.8576198,0,0
201711292200556967,18.85315,46.97562,-9.403651,12.53907,-11.22356,-132.2843,14.14002,8.688584,14.83168,-105.5655,38.69565,38.27605,-13.25701,-99.1983,-9.055305,14.85156,103.5855,53.39336,110.6185,100.8691,100.9736,210.4298,-5.731322,100.9827,3.521663,-64.12092,-0.4534086,3.575489,18.58069,-156.2121,-19.46187,24.14709,22.22391,95.52766,-13.2053,25.61943,22.01582,-43.49946,18.73474,28.1433,0.1109846,0.7828366,0.8469256,-0.03501927,0.778832,0.8469256,0.05586727,0.4686817,0.7338704,0.03949396,0.4637581,0.911227,0.1908835,0.2259712,0.5508906,0.06348287,0.1699336,1.047249,0.04112614,1.022021,0.8817141,0.1865741,1.236128,0.9026542,0.2391628,1.025325,0.913152,-0.1750307,0.99519,0.8310485,0,0
201711292200557570,16.93983,79.97653,-10.34386,12.1546,-13.62726,-119.5339,14.27496,10.48049,18.87825,-93.52248,36.59292,33.77934,-12.91893,-78.01237,-9.95542,15.07623,127.0525,-13.3426,143.0474,122.9237,103.5044,209.8263,-1.629124,103.4459,3.65982,-18.98951,-0.4546569,3.704675,16.6672,-171.7929,-20.75591,24.65123,23.05353,95.00568,-12.85332,26.22872,25.96456,-49.42818,18.04888,31.2301,0.1110547,0.7742187,0.8230959,-0.03686344,0.7692431,0.8230959,0.0562568,0.4590247,0.7259725,0.04177103,0.4623243,0.8995269,0.1743789,0.2286094,0.5450772,0.065782,0.174193,1.045108,0.03607467,1.011843,0.8560447,0.1893179,1.227967,0.8791429,0.2406987,1.027698,0.8893846,-0.169587,0.9941808,0.8148805,1,0
201711292200558221,15.03323,100.4858,-10.91448,11.58825,-15.17939,-110.9737,13.90444,11.51297,21.30243,-83.9958,35.32097,30.2021,-14.93144,-62.07927,-10.22422,17.12653,146.7728,-75.11161,170.5788,142.3249,107.1667,209.2625,0.6643176,107.0556,3.800175,16.56604,-0.4270826,3.835449,15.80047,-192.6689,-21.71851,25.22091,22.78572,90.64416,-13.42661,26.33742,27.9851,-50.09831,16.40532,32.26892,0.1200883,0.7662199,0.7961993,-0.02967381,0.7592946,0.7961993,0.06783208,0.4499512,0.711796,0.05072802,0.4581174,0.8777169,0.1755409,0.229662,0.5370878,0.0753057,0.1786536,1.038127,0.04035072,1.001824,0.8294401,0.1996723,1.22102,0.8590617,0.2502055,1.029179,0.8633305,-0.1557821,0.9961047,0.7976193,1,0
201711292200558925,13.09352,129.7583,-11.44075,11.25932,-14.72596,-87.88543,13.99341,12.17382,22.0015,-80.87453,33.18875,26.50644,-18.5089,-53.38097,-11.01832,20.83144,162.6413,-122.9476,190.4307,157.2727,110.83,208.2593,-0.8726431,110.7295,3.932078,41.47758,-0.414973,3.959592,15.24849,-199.229,-22.43545,25.75347,24.84897,95.1068,-15.12809,28.93956,29.38974,-52.06582,15.36079,32.9959,0.1285014,0.7573024,0.7696574,-0.02406297,0.74892,0.7696574,0.07810463,0.4406663,0.7008587,0.06013189,0.4522303,0.8482152,0.1729321,0.226039,0.5412405,0.08407608,0.1825884,1.023494,0.04431757,0.9906478,0.8006881,0.2057793,1.213434,0.8320971,0.259096,1.029386,0.8392857,-0.1443605,0.9993726,0.7790753,1,0
201711292200559571,12.30213,158.613,-12.02302,11.90719,-11.39504,-50.46132,12.57625,11.19239,17.51436,-37.24293,23.73055,17.52429,-14.74931,-34.60011,-8.401218,16.55001,138.9458,-126.6293,145.298,134.8322,102.6333,185.269,-4.186168,102.6444,4.442448,51.63523,-0.59059,4.478595,15.85576,-198.6834,-23.5043,27.17513,28.28418,102.567,-18.85109,33.64241,30.39599,-55.18936,15.72114,33.96444,0.133658,0.7478521,0.7457622,-0.02171411,0.7381052,0.7457622,0.08549026,0.4313272,0.6879165,0.05923682,0.4419691,0.8085338,0.1355779,0.1870996,0.5600219,0.09564784,0.1652388,0.9470409,0.04447439,0.9765009,0.7725245,0.201777,1.20443,0.8036584,0.2636091,1.029162,0.8189963,-0.1407442,0.9983323,0.7594082,1,0
201711292200560263,5.053745,170.4718,-18.4608,17.86053,-13.41555,-36.30512,2.804312,14.7716,13.80524,-0.620451,15.77447,9.786345,-11.21817,-27.54906,-5.812776,12.5928,122.6574,-133.3759,86.90121,119.1756,98.28114,177.2116,-25.59897,98.70148,4.394355,50.74142,-0.4819618,4.345757,66.14291,-100.56,44.63968,74.33383,33.09893,111.9539,-27.7687,42.30349,-31.2187,-64.51797,66.99049,74.98842,0.1682328,0.7300311,0.7057371,0.01549832,0.7092015,0.7057371,0.1183942,0.3944179,0.6649002,0.07910948,0.3927528,0.7539012,0.1324663,0.1411885,0.5716333,0.1112171,0.1235453,0.857605,0.05339361,0.9442179,0.7492089,0.218715,1.182832,0.7520967,0.2991728,1.024852,0.7787344,-0.1254747,1.056699,0.7298781,1,0
201711292200560937,-0.5262694,180.4133,-23.40856,22.56851,-8.898949,3.735975,-6.367343,17.72008,10.07766,29.25586,9.295725,4.127941,-8.400477,-7.352583,-3.684232,9.403902,109.6082,-142.6211,40.86834,106.8691,89.93488,124.2895,-39.20031,90.43364,4.583215,48.38923,-0.292367,4.434162,106.6478,-13.28934,-19.21468,111.5913,31.67196,113.9275,-31.55523,43.96214,-79.58017,-77.31266,104.6075,105.3015,0.183902,0.7092599,0.683021,0.02909148,0.6851248,0.683021,0.1357284,0.3597182,0.6586558,0.07202495,0.3521731,0.6836056,0.1238713,0.09938494,0.5986375,0.0955568,0.08841833,0.7331845,0.04668036,0.912005,0.7369174,0.223558,1.160428,0.7202401,0.3128506,1.006499,0.7449991,-0.1380112,1.095415,0.707563,1,0
